date,actual_volume,target_volume,actual_inventory,planned_inventory,outstanding_loan_other,credit_limit,cash_balance,loan_amount,account_balance
2023-01-01,1099.34,1339.94,432.48,404.61,113.65,2000,2372.87,1777.18,2696.3
2023-01-02,975.68,1292.46,486.66,456.98,196.88,2000,2367.31,1873.81,2059.33
2023-01-03,1136.2,1205.96,422.98,479.32,201.8,2000,1967.97,1811.59,2686.18
2023-01-04,1314.59,1135.31,472.53,594.38,247.26,2000,2410.97,1890.4,2452.81
2023-01-05,966.46,1269.82,315.08,527.83,63.31,2000,2733.17,1957.17,2691.84
2023-01-06,969.76,1239.35,526.87,433.23,259.26,2000,2134.38,2167.43,2712.93
2023-01-07,1335.71,1289.52,506.77,524.3,0.0,2000,2834.51,1935.77,2924.39
2023-01-08,1176.61,1263.52,426.04,422.63,137.01,2000,2669.61,1682.87,2864.48
2023-01-09,932.46,1304.96,574.77,554.13,151.17,2000,2306.32,2228.01,2866.44
2023-01-10,1138.06,1146.48,603.69,476.44,263.33,2000,2487.43,1832.58,2894.38
2023-01-11,940.04,1331.74,350.26,495.32,202.26,2000,3012.68,1988.26,2609.96
2023-01-12,942.7,1219.76,435.83,566.29,59.44,2000,2756.53,2089.31,2548.78
2023-01-13,1087.33,1407.53,436.26,435.64,101.5,2000,2542.37,2039.92,2762.53
2023-01-14,659.33,1131.08,420.25,430.14,219.87,2000,2471.69,2218.84,2730.92
2023-01-15,700.01,1373.6,598.25,470.82,192.09,2000,2569.23,2095.8,2474.17
2023-01-16,935.49,1219.79,496.98,551.92,142.09,2000,2395.95,1827.74,2656.15
2023-01-17,848.27,1134.86,490.95,424.03,151.92,2000,1921.28,2435.71,2549.64
2023-01-18,1116.53,1151.61,318.06,358.39,269.62,2000,3168.56,2038.87,2348.36
2023-01-19,874.86,1167.97,583.01,477.44,148.23,2000,2605.7,1970.53,2887.86
2023-01-20,776.72,1242.42,396.56,527.59,191.19,2000,2681.72,2192.79,2582.4
2023-01-21,1354.97,1252.28,527.49,560.01,416.99,2000,2548.07,2049.89,3084.09
2023-01-22,1019.27,1142.63,550.23,476.84,57.63,2000,2348.04,2079.85,2168.81
2023-01-23,1080.44,1197.56,659.55,479.43,14.82,2000,2515.92,2498.44,2439.21
2023-01-24,784.42,1414.23,393.58,557.7,278.36,2000,2094.98,1944.98,2589.73
2023-01-25,962.86,1372.75,223.47,406.51,132.14,2000,3261.01,1936.45,2869.04
2023-01-26,1096.2,1243.63,544.76,480.57,168.18,2000,2210.59,2023.32,2687.63
2023-01-27,846.02,1203.8,707.36,509.52,121.88,2000,2274.39,2214.3,2668.4
2023-01-28,1153.47,1212.0,652.13,522.46,174.02,2000,2454.92,1698.69,2311.92
2023-01-29,960.23,1261.35,550.11,474.51,359.85,2000,2976.41,1606.89,2307.4
2023-01-30,1023.96,1097.72,480.87,501.72,280.21,2000,2597.3,1882.58,2680.1
2023-01-31,963.81,1174.26,611.63,375.58,286.22,2000,2225.04,1673.22,2261.22
2023-02-01,1456.36,1033.14,434.43,467.09,58.38,2000,2975.1,1915.03,2471.99
2023-02-02,1084.86,1239.92,580.27,522.68,84.88,2000,2820.98,2100.5,2732.83
2023-02-03,877.58,1264.72,584.01,450.89,0.0,2000,2766.07,1821.85,2364.6
2023-02-04,1255.09,1151.68,640.31,502.95,119.06,2000,2822.08,1714.63,3014.03
2023-02-05,847.78,1357.4,811.05,522.34,295.67,2000,3328.47,2013.87,2921.12
2023-02-06,1134.98,1077.42,575.11,482.87,251.69,2000,3268.46,2172.51,2224.64
2023-02-07,702.43,1053.56,485.74,508.52,177.85,2000,2409.65,1661.01,2386.7
2023-02-08,829.77,1222.45,534.82,451.86,197.77,2000,3105.53,2164.05,2050.57
2023-02-09,1135.73,1304.71,361.2,489.67,131.11,2000,2735.99,2163.46,2428.51
2023-02-10,1244.89,1368.39,469.35,530.51,220.48,2000,2773.4,2190.82,2817.82
2023-02-11,1132.2,1154.11,498.58,507.85,276.59,2000,2118.6,2243.7,2524.73
2023-02-12,1075.42,1307.87,487.77,470.67,38.41,2000,2577.73,2440.4,2745.31
2023-02-13,1038.84,1196.15,556.07,511.21,229.96,2000,2387.53,1928.78,2251.35
2023-02-14,803.75,1182.74,459.22,535.73,293.24,2000,2882.29,2021.91,2833.17
2023-02-15,955.78,1288.37,654.18,397.5,158.49,2000,2957.65,1916.71,2496.56
2023-02-16,1007.8,1265.23,542.68,557.95,270.07,2000,2016.4,2000.4,2639.96
2023-02-17,1311.42,1042.36,542.3,483.19,481.47,2000,2634.52,2306.57,2615.18
2023-02-18,1168.68,1347.65,510.99,521.27,189.57,2000,2980.03,1731.0,2321.92
2023-02-19,747.2,1338.01,559.82,559.86,239.33,2000,2589.77,1827.79,2352.85
2023-02-20,1164.36,1137.44,627.32,431.42,126.19,2000,2866.75,2275.44,2884.3
2023-02-21,1022.15,1239.58,458.58,464.53,218.13,2000,2755.61,2204.01,2743.23
2023-02-22,963.3,1249.4,479.94,485.57,246.03,2000,2754.93,1927.37,2907.05
2023-02-23,1220.42,1226.07,515.82,460.81,219.48,2000,2573.18,2170.88,2726.66
2023-02-24,1303.58,1144.97,412.01,586.75,98.03,2000,2291.69,2068.24,2682.11
2023-02-25,1282.83,1132.84,465.07,457.16,220.64,2000,2322.26,2300.05,2215.63
2023-02-26,927.81,1197.44,499.74,472.22,346.22,2000,2873.53,2014.9,2580.23
2023-02-27,1032.79,1317.27,635.14,510.22,244.86,2000,2668.52,2205.13,2641.56
2023-02-28,1159.75,1254.36,574.28,439.89,296.2,2000,2623.05,2528.4,3137.18
2023-03-01,1287.38,1162.94,567.68,480.22,176.3,2000,2539.3,2119.62,2821.05
2023-03-02,995.09,1277.17,633.69,515.87,274.99,2000,2576.74,2009.87,3033.64
2023-03-03,1052.36,915.15,535.11,483.36,227.93,2000,2984.15,2144.49,2799.23
2023-03-04,866.69,1314.88,588.12,495.33,104.91,2000,2571.23,1926.94,2472.14
2023-03-05,847.08,1026.03,538.95,473.53,231.85,2000,2271.17,2477.59,2679.28
2023-03-06,1247.1,1163.76,575.99,424.28,100.83,2000,2898.21,2036.01,2708.99
2023-03-07,1354.01,1088.03,491.33,516.08,136.71,2000,2615.24,1945.41,2414.99
2023-03-08,1066.45,1070.53,305.85,587.75,218.93,2000,2687.66,1832.86,2553.43
2023-03-09,1279.55,1316.08,536.4,500.92,229.72,2000,3162.0,2219.44,2597.74
2023-03-10,1149.08,1153.23,692.19,511.26,81.08,2000,2675.0,2173.44,3050.15
2023-03-11,945.55,1234.65,642.59,534.64,305.4,2000,2769.31,1900.53,2128.03
2023-03-12,1144.59,1195.31,646.53,436.53,257.2,2000,2330.21,2115.29,2949.05
2023-03-13,1377.57,1247.7,673.61,585.13,129.53,2000,2619.27,1698.29,2412.68
2023-03-14,1060.38,1207.68,558.84,510.12,46.24,2000,2869.27,2036.99,2303.06
2023-03-15,1377.98,1071.7,569.67,581.59,185.51,2000,2220.98,2090.55,2940.17
2023-03-16,538.53,1299.63,488.1,463.35,155.41,2000,2748.97,2341.47,2827.17
2023-03-17,1224.23,1150.62,518.16,590.9,211.31,2000,2720.03,1845.84,2956.74
2023-03-18,1074.55,1044.34,611.23,538.76,163.69,2000,2703.21,1744.33,2842.12
2023-03-19,994.58,1157.19,669.9,527.65,0.0,2000,3002.94,1820.91,3155.65
2023-03-20,1069.9,1350.08,535.4,511.7,161.17,2000,2793.04,1732.69,2779.02
2023-03-21,651.15,1285.02,504.13,487.57,169.44,2000,3137.0,2267.33,2598.79
2023-03-22,1001.79,1165.13,548.99,560.03,263.37,2000,2396.31,2309.73,2722.13
2023-03-23,1114.16,1165.07,608.81,507.02,130.18,2000,2735.92,2064.04,2945.66
2023-03-24,1335.28,1167.84,404.04,401.65,367.87,2000,2721.19,2244.26,2438.26
2023-03-25,932.97,1407.67,318.52,444.14,8.84,2000,2375.72,2026.79,2468.36
2023-03-26,871.8,1238.19,492.77,490.71,331.12,2000,2983.98,1980.98,2552.24
2023-03-27,929.99,1243.0,425.42,515.5,177.57,2000,3395.03,1933.39,2101.4
2023-03-28,1210.23,1303.03,496.32,497.17,285.96,2000,2693.01,1937.92,2660.05
2023-03-29,1089.68,1223.88,531.97,560.95,207.98,2000,2850.05,1690.44,2151.91
2023-03-30,914.72,1174.1,501.02,402.44,313.96,2000,2724.27,2052.85,2634.54
2023-03-31,1120.06,1180.37,691.16,507.18,161.26,2000,2485.16,1991.93,2835.35
2023-04-01,1033.53,1192.84,578.14,409.1,90.14,2000,2153.27,2149.07,2497.49
2023-04-02,1204.53,1196.28,575.04,537.99,342.05,2000,2487.98,2018.7,3033.6
2023-04-03,867.07,1272.76,606.72,495.28,188.65,2000,2282.27,1967.46,2246.73
2023-04-04,938.63,1205.19,430.09,520.98,222.16,2000,3211.19,1825.76,2907.14
2023-04-05,922.4,1273.26,647.35,456.81,323.48,2000,2665.47,2014.43,2775.51
2023-04-06,704.79,1191.93,535.3,563.97,96.8,2000,2596.21,2147.65,2175.04
2023-04-07,1053.39,1207.86,609.34,552.09,259.55,2000,2966.66,1771.33,3279.02
2023-04-08,1043.05,1000.18,434.51,529.18,141.01,2000,2363.26,2017.49,2582.59
2023-04-09,988.55,1291.63,385.69,493.52,186.78,2000,2469.55,2046.61,2376.29
2023-04-10,937.31,1234.65,622.21,528.99,207.23,2000,2719.79,1856.39,2240.97
2023-04-11,697.87,1299.8,577.4,464.66,49.98,2000,3007.71,1882.43,2534.77
2023-04-12,893.55,910.37,448.87,542.78,122.12,2000,2849.24,2046.12,2554.89
2023-04-13,905.9,1408.84,451.41,582.47,335.11,2000,2772.83,1773.32,2609.31
2023-04-14,810.78,1186.04,650.2,553.53,288.62,2000,2721.31,2069.98,2506.07
2023-04-15,935.8,1310.82,417.97,463.52,193.74,2000,2817.43,1820.93,2735.63
2023-04-16,1045.73,1096.01,700.42,518.07,224.31,2000,2757.29,2212.57,2477.18
2023-04-17,1339.06,1261.28,445.32,435.34,170.58,2000,2387.18,2467.57,2087.06
2023-04-18,993.68,1094.66,598.42,528.62,335.66,2000,2709.32,1827.85,2530.14
2023-04-19,1007.26,1137.62,500.91,522.53,179.96,2000,2372.66,2106.84,1972.24
2023-04-20,937.89,1391.4,593.26,406.51,223.18,2000,2718.31,1854.65,2649.14
2023-04-21,566.12,1180.93,477.69,441.91,314.6,2000,2548.95,2208.19,2312.42
2023-04-22,941.71,1221.74,514.96,485.84,122.26,2000,3454.07,1746.95,2594.61
2023-04-23,956.27,1287.01,534.46,484.96,355.88,2000,2679.34,2096.12,2878.77
2023-04-24,1434.13,1249.57,429.26,439.53,46.95,2000,2269.04,1825.4,2309.51
2023-04-25,900.34,1215.04,602.65,519.45,362.96,2000,2649.01,1958.6,2808.44
2023-04-26,996.52,1236.5,476.33,512.57,162.73,2000,2843.96,1793.79,2431.17
2023-04-27,926.74,1440.34,503.86,490.29,175.73,2000,3189.01,2164.47,2974.19
2023-04-28,697.49,1194.24,426.34,462.21,11.0,2000,2508.96,1832.6,2440.95
2023-04-29,1157.41,1220.11,268.58,552.44,154.52,2000,2209.8,2110.39,2318.44
2023-04-30,1076.93,1305.07,504.74,582.77,96.02,2000,2928.27,1931.18,2696.68
2023-05-01,1082.53,1310.55,764.13,475.82,139.24,2000,2267.68,1977.11,2412.22
2023-05-02,740.31,1318.7,600.33,469.39,186.27,2000,2549.6,2029.55,2307.09
2023-05-03,1200.69,1263.87,518.94,524.56,295.78,2000,2601.7,1847.64,2394.26
2023-05-04,637.8,1085.7,493.56,482.1,220.76,2000,2656.58,2042.07,2498.83
2023-05-05,1033.67,1363.34,521.07,493.03,230.77,2000,2882.66,2306.07,2841.78
2023-05-06,1352.62,1085.37,572.5,536.98,90.45,2000,2469.21,1844.38,2018.97
2023-05-07,714.74,1230.26,398.67,404.53,111.92,2000,2590.52,2234.36,2504.51
2023-05-08,798.0,1124.57,627.13,565.92,379.87,2000,2666.65,2299.62,2651.22
2023-05-09,929.7,1193.59,586.18,503.63,126.48,2000,2714.06,1836.77,2539.61
2023-05-10,807.69,1232.88,585.39,479.43,365.62,2000,2696.73,1708.99,2814.97
2023-05-11,596.97,1232.14,556.35,495.54,175.69,2000,2796.33,2060.39,2465.18
2023-05-12,919.63,1242.19,513.38,498.12,200.23,2000,2916.79,1890.52,2433.91
2023-05-13,692.38,1361.37,577.62,413.44,307.04,2000,2779.49,2373.72,2624.42
2023-05-14,998.59,1245.35,568.43,574.75,327.19,2000,2795.79,2006.96,2497.47
2023-05-15,719.12,1175.58,472.75,502.07,188.92,2000,2183.02,1839.56,2371.36
2023-05-16,1212.23,1296.41,449.7,522.15,161.18,2000,2670.68,1770.57,2594.34
2023-05-17,744.95,1318.95,516.14,547.58,194.41,2000,2797.35,2217.98,2298.54
2023-05-18,836.65,1077.24,659.75,448.94,233.8,2000,2870.02,1885.76,2305.26
2023-05-19,1063.33,1259.74,379.83,523.67,289.13,2000,2441.44,2008.77,2322.47
2023-05-20,654.14,1270.12,355.88,486.62,200.42,2000,2449.19,2191.16,2789.18
2023-05-21,945.6,1170.24,518.0,542.34,261.89,2000,2472.39,1903.15,1642.13
2023-05-22,1161.44,1337.57,505.5,393.64,363.84,2000,2803.22,1990.81,2542.79
2023-05-23,578.53,1184.99,516.64,495.05,238.13,2000,2950.1,1996.69,2449.0
2023-05-24,937.07,1212.56,522.59,469.86,231.17,2000,2515.29,2136.66,2016.79
2023-05-25,952.36,1182.69,474.76,521.61,48.11,2000,2907.48,2118.15,2511.05
2023-05-26,1057.1,1201.56,644.96,523.5,0.0,2000,2669.66,1955.98,2549.22
2023-05-27,653.8,1090.37,334.78,464.62,238.84,2000,2592.82,2012.73,2574.39
2023-05-28,637.66,1055.99,410.91,464.39,190.52,2000,2564.14,1925.64,1760.77
2023-05-29,1006.82,1359.45,482.34,494.47,148.52,2000,2848.95,1704.48,2762.12
2023-05-30,962.61,1115.3,327.25,455.17,224.35,2000,2720.02,2051.52,2232.94
2023-05-31,954.21,1100.86,472.89,542.1,193.96,2000,3302.44,2378.44,2585.91
2023-06-01,974.4,984.66,655.53,481.54,312.78,2000,2361.34,1823.26,2596.48
2023-06-02,770.21,1136.1,490.39,354.65,208.61,2000,2769.72,1845.39,2189.05
2023-06-03,953.87,1067.69,510.29,481.26,125.31,2000,2452.78,1825.85,2570.4
2023-06-04,967.34,1364.2,360.14,448.07,299.02,2000,2347.97,2144.92,2306.03
2023-06-05,767.27,1300.98,423.45,418.44,178.29,2000,2602.68,2089.7,1881.74
2023-06-06,1284.81,1131.18,446.51,438.13,252.65,2000,2644.31,1968.29,2688.77
2023-06-07,1008.03,1425.24,451.21,505.47,152.26,2000,3475.68,1816.4,2200.38
2023-06-08,676.71,1298.18,610.11,566.43,135.02,2000,2542.09,2018.48,2177.9
2023-06-09,1048.08,1167.52,536.68,515.66,208.42,2000,2255.35,1687.08,2288.2
2023-06-10,723.73,950.06,368.74,469.67,201.28,2000,2673.36,2028.69,2454.54
2023-06-11,1078.07,1429.09,503.53,522.8,247.98,2000,1966.09,2174.3,2369.75
2023-06-12,1154.44,1061.04,527.7,477.05,173.14,2000,2557.89,1749.76,2518.74
2023-06-13,760.75,1035.46,590.9,465.27,16.36,2000,2587.26,1693.5,2044.58
2023-06-14,1119.8,1302.26,633.96,442.28,156.72,2000,2817.78,2315.89,2191.66
2023-06-15,1012.0,1443.98,373.43,412.41,279.38,2000,2868.42,1877.65,2346.14
2023-06-16,1096.26,1338.43,392.9,480.5,170.26,2000,2422.17,2227.19,2847.57
2023-06-17,1313.68,1256.39,347.28,507.9,175.36,2000,2524.94,1969.2,2342.69
2023-06-18,887.8,1259.48,448.71,495.17,298.64,2000,2337.16,1967.61,2640.57
2023-06-19,788.75,1285.34,517.83,479.2,128.8,2000,2225.43,2087.68,2377.1
2023-06-20,764.28,1275.89,569.03,452.71,45.72,2000,2653.65,1823.2,2244.84
2023-06-21,781.77,1228.12,461.81,530.41,183.94,2000,2175.42,2026.5,2302.44
2023-06-22,932.32,1210.42,436.55,434.14,151.58,2000,2429.91,1923.7,2320.47
2023-06-23,1018.84,1193.74,482.86,538.8,103.38,2000,2252.53,1735.9,2512.03
2023-06-24,1008.88,1124.6,383.33,449.89,182.46,2000,2712.75,2067.5,2703.39
2023-06-25,1121.95,1171.93,674.97,462.38,249.15,2000,3085.04,1947.34,2448.38
2023-06-26,962.14,1030.7,304.44,426.66,199.07,2000,2150.88,1968.6,2654.03
2023-06-27,1253.32,1190.17,482.9,474.93,230.7,2000,1982.18,1757.97,2114.95
2023-06-28,912.79,1101.14,666.01,548.77,381.34,2000,2497.34,2318.28,2251.48
2023-06-29,1512.91,1089.64,463.58,525.78,165.71,2000,2536.23,2175.34,2173.13
2023-06-30,1097.19,1217.99,443.16,548.92,227.83,2000,2593.82,2192.83,2431.98
2023-07-01,803.84,1339.2,425.7,526.11,149.08,2000,2391.02,1938.91,2262.89
2023-07-02,764.34,1291.83,442.71,444.82,115.36,2000,2461.42,1654.16,2534.42
2023-07-03,1078.28,1042.95,597.35,483.46,141.51,2000,2628.55,2390.58,2118.66
2023-07-04,940.38,1101.04,238.22,460.99,152.12,2000,2827.1,1987.78,2361.7
2023-07-05,1131.17,1294.08,612.11,566.53,235.95,2000,1925.13,1850.24,2522.29
2023-07-06,1086.34,1101.75,315.76,440.16,434.91,2000,2397.63,2083.36,1833.97
2023-07-07,980.45,1177.54,430.89,544.68,128.4,2000,2569.13,2233.42,2880.51
2023-07-08,828.99,1255.01,414.05,544.65,158.34,2000,2226.26,1995.39,2279.22
2023-07-09,698.71,1103.17,515.28,591.48,193.69,2000,3017.67,2255.72,1843.75
2023-07-10,915.71,1210.54,296.07,479.52,239.58,2000,2304.36,2216.6,2389.63
2023-07-11,1179.62,1066.6,501.59,535.62,226.36,2000,2479.27,1784.72,2358.65
2023-07-12,1054.47,1139.86,657.32,614.08,328.41,2000,2655.13,1865.24,2330.1
2023-07-13,765.81,1231.98,318.1,469.12,0.0,2000,2307.61,2191.51,2598.75
2023-07-14,1052.88,1040.7,472.94,423.25,0.0,2000,1927.71,1457.48,2538.28
2023-07-15,1098.58,1244.05,387.35,406.0,150.41,2000,2349.76,1970.11,2426.45
2023-07-16,847.98,1198.04,495.74,535.64,309.73,2000,2783.88,1713.83,2465.17
2023-07-17,1058.71,1255.25,454.69,405.84,43.44,2000,2370.68,1904.69,2327.29
2023-07-18,1042.8,1222.39,388.27,481.38,0.0,2000,2214.52,1940.24,2798.09
2023-07-19,805.71,1336.41,500.88,521.87,257.12,2000,2742.87,1928.35,1985.34
2023-07-20,1108.97,1212.52,632.22,509.26,224.37,2000,2362.65,1889.55,2391.07
2023-07-21,1152.64,1157.06,432.41,521.27,90.98,2000,2305.57,1780.57,2373.53
2023-07-22,1260.12,1212.23,523.22,511.11,101.45,2000,2500.2,2458.38,2561.79
2023-07-23,1257.25,1254.33,321.68,563.94,103.03,2000,2683.35,2373.49,2148.79
2023-07-24,773.88,1204.89,355.16,452.38,211.05,2000,3163.41,1767.59,1925.21
2023-07-25,864.72,1204.06,497.85,466.15,137.37,2000,2693.85,2316.42,2401.79
2023-07-26,1158.1,1129.8,598.86,461.37,249.41,2000,2790.43,1920.11,2434.44
2023-07-27,1160.6,1133.71,485.88,541.51,0.0,2000,2287.5,2025.84,2738.17
2023-07-28,1163.54,1059.74,418.9,545.02,114.31,2000,2128.36,1987.35,2049.89
2023-07-29,1833.7,1374.96,450.04,522.56,87.39,2000,2451.67,1868.05,2657.95
2023-07-30,1179.88,1075.61,325.01,559.17,174.37,2000,2461.99,2196.77,2963.01
2023-07-31,1295.29,1130.71,510.47,441.1,146.2,2000,2103.18,2025.18,2278.68
2023-08-01,1261.38,1128.16,538.23,583.36,279.78,2000,2371.05,1904.69,2052.42
2023-08-02,1203.18,1289.49,404.8,576.16,14.07,2000,2540.37,1739.08,2275.53
2023-08-03,1012.08,1170.51,403.04,536.78,204.55,2000,2525.64,1821.28,2382.97
2023-08-04,1229.09,1324.77,476.69,589.09,255.83,2000,2565.78,1671.72,2522.69
2023-08-05,924.8,1132.65,406.52,417.17,385.66,2000,2498.79,2002.44,2236.24
2023-08-06,1033.99,1227.9,443.69,473.78,151.82,2000,2256.42,1760.67,2775.3
2023-08-07,986.17,1116.47,660.41,463.23,232.45,2000,2251.4,1946.89,2110.36
2023-08-08,1101.42,1414.51,425.89,536.07,19.61,2000,2042.96,2274.02,1956.74
2023-08-09,1549.68,1081.24,414.94,447.49,0.0,2000,2935.18,2239.86,2670.85
2023-08-10,714.91,1230.98,386.23,537.87,284.48,2000,2400.91,1993.54,1828.2
2023-08-11,1227.12,1263.38,525.63,568.53,199.44,2000,2326.58,1982.58,2348.58
2023-08-12,768.74,1241.38,433.35,534.76,317.85,2000,2112.58,2375.97,3181.85
2023-08-13,998.21,1181.47,386.81,514.19,62.66,2000,3269.14,2104.15,2402.3
2023-08-14,1311.59,1187.02,584.18,450.61,251.99,2000,2063.69,1934.44,2128.06
2023-08-15,1107.76,1204.38,594.34,457.66,386.88,2000,2254.31,1714.8,2396.89
2023-08-16,880.35,1185.3,392.69,562.48,241.97,2000,2505.03,2078.77,2401.59
2023-08-17,953.73,1296.39,266.45,538.97,227.66,2000,2557.69,2165.86,2457.56
2023-08-18,1233.5,1421.05,554.25,498.05,200.86,2000,2662.39,1873.67,2586.12
2023-08-19,952.18,1144.25,385.46,479.1,42.91,2000,2914.71,2058.24,2163.98
2023-08-20,1142.11,1063.02,533.43,398.71,335.56,2000,2521.72,1927.29,2848.9
2023-08-21,1108.39,1191.17,257.82,446.46,138.91,2000,2050.55,1963.19,2491.59
2023-08-22,969.3,1457.97,544.58,595.57,250.45,2000,2287.8,1502.44,2615.35
2023-08-23,1528.64,1119.63,334.71,435.98,43.7,2000,2454.8,1955.64,2280.0
2023-08-24,1226.76,1363.91,529.44,509.47,82.05,2000,2980.51,2193.87,2762.05
2023-08-25,694.96,1367.77,458.34,550.37,343.51,2000,1938.34,1873.72,2379.66
2023-08-26,1137.18,1144.64,362.09,437.25,165.27,2000,2716.14,2010.51,2516.8
2023-08-27,967.33,1256.9,417.38,509.24,345.33,2000,2407.05,1848.81,2217.67
2023-08-28,1269.85,1362.84,527.33,546.9,192.18,2000,2602.19,2072.09,2205.27
2023-08-29,940.43,1162.09,469.92,500.62,15.81,2000,2318.04,1956.7,2630.14
2023-08-30,1075.45,1179.64,518.43,643.42,289.21,2000,2093.75,1812.15,2350.8
2023-08-31,1198.74,1141.83,658.31,416.57,141.01,2000,2569.63,2266.51,2251.88
2023-09-01,1270.14,1098.52,304.94,552.94,269.87,2000,2538.62,2185.79,2308.2
2023-09-02,856.06,1135.07,623.8,491.36,202.52,2000,2631.88,1879.02,2647.41
2023-09-03,1028.25,1077.61,473.25,538.6,45.69,2000,2334.29,2099.56,2319.11
2023-09-04,999.08,1203.41,373.68,522.07,216.43,2000,2156.4,2107.48,2450.67
2023-09-05,962.22,1123.0,331.3,463.34,419.62,2000,1866.82,2128.46,2487.56
2023-09-06,1444.7,1223.38,446.21,511.45,249.3,2000,2578.42,1661.15,2008.2
2023-09-07,1171.21,1044.41,558.09,407.1,194.25,2000,2457.97,2201.32,2123.5
2023-09-08,836.55,1233.09,453.99,530.16,307.53,2000,2039.31,1886.06,2579.09
2023-09-09,1270.72,1283.35,618.7,514.91,221.07,2000,2165.77,1928.43,2314.51
2023-09-10,1509.89,1000.63,323.32,531.93,220.95,2000,2185.66,2527.58,2766.7
2023-09-11,1290.17,1237.41,468.1,552.91,90.84,2000,1879.18,2060.37,2747.97
2023-09-12,777.94,1322.77,344.95,518.38,223.38,2000,2077.21,1922.74,2689.81
2023-09-13,983.0,1079.04,507.45,507.4,303.54,2000,1980.85,1558.94,2968.7
2023-09-14,1331.18,1367.26,560.69,455.95,116.39,2000,2195.8,2277.95,2496.71
2023-09-15,934.13,1241.9,430.85,464.39,342.45,2000,2096.52,1730.96,2683.42
2023-09-16,1162.2,1129.5,213.45,559.34,190.83,2000,1828.67,1799.31,2378.81
2023-09-17,1226.06,1194.42,494.72,571.82,111.22,2000,2922.23,1933.73,3141.69
2023-09-18,883.37,1255.83,519.47,488.09,299.76,2000,2689.96,2283.28,3028.18
2023-09-19,1054.39,1207.6,517.2,502.3,171.32,2000,2079.28,2154.65,2538.89
2023-09-20,415.51,1253.88,601.34,454.77,275.95,2000,2393.56,1968.43,2636.2
2023-09-21,856.28,1107.93,371.65,558.64,170.82,2000,2435.97,2061.66,2882.98
2023-09-22,1007.98,1216.94,547.79,533.27,194.02,2000,2667.01,1879.92,2509.95
2023-09-23,806.2,1058.63,600.04,597.06,249.36,2000,2063.1,2027.93,2386.12
2023-09-24,1379.44,1188.88,303.96,456.08,229.09,2000,2635.37,2014.67,2772.29
2023-09-25,764.07,1109.61,514.83,481.1,0.45,2000,2142.47,2193.75,2576.89
2023-09-26,959.18,1126.45,433.49,511.57,87.88,2000,1905.25,2193.44,2606.48
2023-09-27,1070.37,1323.61,476.81,532.32,292.94,2000,2522.46,2098.8,2355.57
2023-09-28,1329.47,1309.13,520.8,489.22,186.79,2000,2691.72,1927.53,2138.09
2023-09-29,750.98,1260.91,438.38,456.35,147.63,2000,3080.19,2148.36,2629.87
2023-09-30,1267.68,1090.77,420.61,544.07,64.14,2000,1943.28,1981.61,2800.36
2023-10-01,1033.96,1168.36,492.67,536.06,92.03,2000,2512.31,1783.62,2520.9
2023-10-02,832.43,1321.31,381.62,454.19,0.0,2000,2179.18,1919.34,2939.65
2023-10-03,1117.95,1214.17,382.86,567.77,189.87,2000,2536.67,2016.91,2407.7
2023-10-04,1062.1,1431.93,560.47,558.51,140.16,2000,1860.11,2182.04,2323.09
2023-10-05,898.98,1239.33,378.76,506.71,103.34,2000,1922.08,1963.29,2572.99
2023-10-06,1029.71,1219.2,561.37,503.98,193.19,2000,2067.86,1758.16,2572.12
2023-10-07,935.38,1169.09,542.1,527.7,236.4,2000,2324.08,2011.35,2788.18
2023-10-08,1031.84,1213.35,324.37,456.91,409.32,2000,2107.88,2022.69,2404.81
2023-10-09,1138.23,1184.75,430.31,501.5,48.81,2000,2497.8,2037.17,2943.37
2023-10-10,1319.68,1270.81,618.59,392.38,315.94,2000,2608.08,2183.97,3095.81
2023-10-11,751.58,1295.67,402.17,543.82,297.31,2000,2479.88,2203.78,2596.96
2023-10-12,1422.42,1121.4,454.96,421.93,122.09,2000,2785.68,1881.16,2921.77
2023-10-13,602.07,1066.88,548.71,575.17,220.32,2000,2424.89,1876.77,2347.75
2023-10-14,958.81,1016.38,581.95,483.49,154.24,2000,1935.23,1791.96,2883.15
2023-10-15,1103.52,1250.8,479.57,489.42,218.57,2000,2709.52,2139.76,2878.55
2023-10-16,1038.77,1089.66,446.08,468.61,350.91,2000,2119.22,2289.76,2834.91
2023-10-17,854.76,984.71,649.17,485.6,260.56,2000,2574.21,1936.98,2617.4
2023-10-18,934.42,1238.86,681.92,570.93,250.86,2000,2773.58,1951.71,1884.9
2023-10-19,874.22,1449.3,607.01,375.61,156.97,2000,2438.9,2293.36,2465.12
2023-10-20,851.76,1199.39,518.74,563.85,51.59,2000,1853.53,2101.11,2471.09
2023-10-21,1136.39,1283.85,430.47,516.9,179.15,2000,2027.45,2087.25,2384.93
2023-10-22,1034.76,1208.18,429.33,439.65,320.66,2000,2700.33,1761.82,2661.91
2023-10-23,821.69,1190.11,565.7,446.23,47.28,2000,2253.42,2135.75,2528.38
2023-10-24,1137.16,1291.91,556.36,583.82,94.49,2000,2328.73,1814.17,2428.65
2023-10-25,1015.71,1170.97,655.74,452.72,212.63,2000,2533.27,1773.2,2371.71
2023-10-26,1113.88,1226.74,581.67,442.33,101.53,2000,2515.33,1930.65,2459.05
2023-10-27,1074.35,1232.17,367.36,556.87,120.75,2000,2390.94,1882.84,2919.73
2023-10-28,779.8,1133.19,623.9,516.93,157.64,2000,2245.61,1955.68,2475.44
2023-10-29,830.8,1299.2,419.93,453.1,63.44,2000,2215.39,1711.8,2513.22
2023-10-30,1089.59,1182.5,482.35,510.83,102.59,2000,2567.58,2191.76,2528.95
2023-10-31,1059.57,1124.43,546.77,448.71,270.34,2000,2477.36,2225.54,2728.95
2023-11-01,930.75,1253.65,722.32,555.04,69.26,2000,2235.23,1610.53,2759.25
2023-11-02,955.9,1110.15,834.73,553.07,40.21,2000,2638.24,2195.69,1884.92
2023-11-03,1185.55,1202.82,585.38,526.6,137.0,2000,2276.13,1837.89,2902.3
2023-11-04,809.36,1199.09,507.35,518.08,273.2,2000,2060.62,2171.4,3006.7
2023-11-05,1034.83,1308.59,580.06,588.06,180.31,2000,2089.77,1986.31,2385.68
2023-11-06,882.79,1247.47,616.31,499.98,153.54,2000,2025.22,2005.76,2405.68
2023-11-07,877.6,1197.5,496.4,440.91,204.44,2000,2238.56,1962.98,2536.63
2023-11-08,1138.89,1281.78,708.89,522.47,25.43,2000,2691.89,2242.43,2460.53
2023-11-09,1082.3,1339.02,553.27,604.3,249.47,2000,2081.78,1752.08,2705.76
2023-11-10,1078.1,1255.78,580.92,449.26,238.34,2000,2381.44,2121.57,2163.31
2023-11-11,1174.76,1201.04,598.6,481.93,159.07,2000,2129.52,2220.27,2370.52
2023-11-12,916.23,1068.82,575.01,520.82,300.59,2000,2250.12,2143.27,3034.77
2023-11-13,1046.89,1093.49,617.57,497.3,87.25,2000,1876.93,2464.94,2417.79
2023-11-14,847.0,1169.48,472.77,450.88,312.79,2000,2265.56,1894.21,2960.48
2023-11-15,972.56,1139.05,479.46,556.09,215.45,2000,2275.43,2191.46,2738.14
2023-11-16,880.46,1181.3,426.05,616.0,166.34,2000,2497.5,1978.78,2196.59
2023-11-17,924.76,1205.66,580.78,509.81,198.01,2000,2404.32,2246.68,2807.24
2023-11-18,1023.37,1252.97,615.46,454.8,189.27,2000,1979.78,1998.46,2618.39
2023-11-19,739.77,1192.95,584.07,422.55,322.03,2000,2666.56,1922.42,2533.26
2023-11-20,1321.09,1248.65,706.45,512.9,92.33,2000,2406.44,2261.21,2707.59
2023-11-21,700.7,1206.45,539.12,555.19,123.75,2000,2404.97,1901.69,2764.14
2023-11-22,658.48,1002.45,607.22,523.76,303.63,2000,2344.83,1717.45,2821.42
2023-11-23,1132.45,1106.07,431.83,499.88,140.45,2000,2194.44,1896.63,2938.04
2023-11-24,1058.79,1185.59,502.91,470.54,290.05,2000,2417.33,2123.81,2744.37
2023-11-25,1025.02,1079.03,611.78,445.39,369.94,2000,2496.92,2278.41,2297.2
2023-11-26,1025.71,1259.99,627.72,541.74,159.82,2000,1832.48,2022.23,2521.38
2023-11-27,897.55,1353.08,513.98,545.69,268.14,2000,2197.26,2263.64,3374.15
2023-11-28,720.62,1321.88,536.76,422.71,84.63,2000,2284.79,1728.37,2818.02
2023-11-29,915.41,1178.66,392.65,579.49,275.47,2000,2440.55,1911.35,3227.65
2023-11-30,765.11,1349.07,509.23,528.7,219.94,2000,2724.15,1942.28,2982.52
2023-12-01,1095.97,1214.87,634.45,569.98,247.3,2000,2137.13,1977.09,2692.37
2023-12-02,872.05,1166.29,603.39,432.89,135.44,2000,2221.79,2016.82,2705.45
2023-12-03,736.98,1138.66,596.36,431.71,33.89,2000,2219.99,2138.18,2619.04
2023-12-04,838.54,1169.75,551.68,492.55,250.33,2000,2135.89,1911.04,2191.75
2023-12-05,986.24,1161.18,547.8,525.14,0.0,2000,2274.83,2027.81,2628.65
2023-12-06,791.85,1217.04,481.42,589.82,168.26,2000,2612.9,1990.98,2924.66
2023-12-07,741.21,1216.06,617.67,535.3,294.12,2000,2068.21,1814.82,2469.86
2023-12-08,955.54,1200.3,590.2,487.87,219.19,2000,2515.44,1977.27,2720.47
2023-12-09,957.06,1243.69,597.6,448.68,394.83,2000,1879.29,1971.27,2828.01
2023-12-10,808.04,1319.06,496.06,561.5,302.51,2000,2224.26,1966.98,2385.25
2023-12-11,816.69,1294.96,333.57,451.76,134.61,2000,2296.64,2006.35,2497.33
2023-12-12,958.86,1051.51,658.84,581.42,202.73,2000,2900.8,2015.13,2353.1
2023-12-13,624.5,944.61,501.44,485.78,195.26,2000,2318.79,1913.54,2399.39
2023-12-14,634.38,1293.43,463.21,579.53,41.78,2000,1743.77,2254.54,2280.32
2023-12-15,774.03,1063.31,618.98,533.95,105.96,2000,1807.41,1766.1,2374.33
2023-12-16,876.97,1177.52,510.56,493.15,143.92,2000,2420.25,1855.81,2951.47
2023-12-17,983.87,1082.99,655.85,474.03,0.0,2000,2597.16,2555.99,2364.84
2023-12-18,1218.87,1019.8,611.63,482.95,204.75,2000,2528.68,1792.4,2622.37
2023-12-19,1097.53,1254.15,618.33,521.42,175.09,2000,2469.36,1729.25,2462.02
2023-12-20,896.3,1275.92,413.4,503.86,32.71,2000,2770.82,2146.9,2879.39
2023-12-21,926.84,1142.35,671.19,470.31,240.42,2000,2263.35,1584.58,2909.34
2023-12-22,732.58,940.9,576.09,491.72,271.59,2000,2696.8,1952.95,2794.39
2023-12-23,931.9,1145.38,512.99,503.93,222.7,2000,1941.84,2429.16,2651.69
2023-12-24,880.45,1239.18,564.18,393.56,167.59,2000,2163.1,1691.01,2514.12
2023-12-25,1005.38,1052.11,372.12,522.91,259.14,2000,1895.64,1603.61,2270.6
2023-12-26,778.11,1218.34,590.48,451.01,268.02,2000,2358.47,1700.16,3051.1
2023-12-27,1050.21,1198.47,446.53,442.33,230.74,2000,2430.24,2179.67,2371.9
2023-12-28,1255.73,1257.93,414.03,415.63,117.54,2000,2481.56,2224.96,2724.29
2023-12-29,930.33,1211.96,396.86,410.31,227.66,2000,2469.11,1897.48,2819.8
2023-12-30,1035.38,1102.69,660.14,432.23,319.55,2000,2175.52,2136.64,2412.58
2023-12-31,1096.07,1319.66,485.7,464.55,140.34,2000,2399.96,2278.05,2807.37
2024-01-01,880.84,1184.15,701.73,597.66,409.79,2000,2011.06,2357.47,2735.35
2024-01-02,1009.0,1197.27,494.48,473.71,147.44,2000,2872.54,1950.73,2972.69
2024-01-03,969.83,1106.67,377.01,508.89,203.24,2000,2375.76,1539.71,2419.74
2024-01-04,990.01,1155.67,435.75,520.02,132.75,2000,2323.48,1835.82,2211.97
2024-01-05,819.07,1111.52,670.62,506.55,222.33,2000,2950.12,1914.64,2403.4
2024-01-06,981.81,1182.71,531.06,496.13,25.78,2000,2104.08,1948.21,2578.3
2024-01-07,1079.76,1371.17,491.41,440.24,145.4,2000,2142.39,1962.43,2536.94
2024-01-08,1273.67,1062.81,561.8,572.55,90.79,2000,2154.52,2223.78,2420.31
2024-01-09,1178.59,1038.64,595.52,590.36,213.53,2000,2466.34,2254.89,2037.64
2024-01-10,1420.68,1347.12,656.61,415.87,299.44,2000,2619.52,1965.67,2628.83
2024-01-11,839.9,1179.07,689.21,448.8,264.6,2000,2715.27,2219.7,3000.55
2024-01-12,1171.16,1133.09,507.86,486.01,0.0,2000,3268.3,2071.53,2619.78
2024-01-13,1036.7,1303.99,410.69,451.77,404.21,2000,1825.2,2012.9,2652.25
2024-01-14,1441.32,1139.44,501.38,525.3,229.53,2000,2685.98,2181.31,2639.33
2024-01-15,845.03,1382.6,568.17,463.59,122.35,2000,2339.56,2014.45,2591.73
2024-01-16,842.07,1267.79,445.16,608.25,215.71,2000,2334.1,2411.56,2721.64
2024-01-17,893.44,1151.21,445.19,559.53,217.62,2000,2327.42,1712.32,2583.84
2024-01-18,591.84,1415.73,574.64,510.63,133.32,2000,2244.05,1896.97,2403.1
2024-01-19,914.74,1139.43,534.72,551.35,219.79,2000,3025.35,1974.7,2278.55
2024-01-20,871.32,1274.21,542.18,555.3,139.25,2000,2776.0,2087.89,2411.61
2024-01-21,1056.46,1229.93,462.34,471.8,159.56,2000,2533.58,2253.59,2548.7
2024-01-22,1097.93,1330.17,514.42,459.19,131.37,2000,2935.22,1995.12,2387.48
2024-01-23,1407.98,1356.15,444.3,503.91,56.73,2000,2079.45,1715.55,2541.44
2024-01-24,1225.96,1203.2,624.98,543.08,214.58,2000,2137.28,2168.5,2569.02
2024-01-25,923.59,1124.66,638.7,506.95,258.53,2000,1886.37,2150.99,2663.94
2024-01-26,862.33,1246.0,349.76,421.15,251.49,2000,2333.2,1611.63,2772.77
2024-01-27,1143.4,1132.23,440.61,459.86,281.99,2000,2594.78,1999.24,2468.04
2024-01-28,783.92,1401.34,383.08,496.3,232.43,2000,2580.37,1681.97,2118.08
2024-01-29,1417.16,1213.65,466.88,496.22,146.73,2000,2597.53,1867.07,2355.28
2024-01-30,1289.6,1163.47,522.68,598.63,283.97,2000,2132.62,1819.44,2449.14
2024-01-31,962.65,1218.47,385.18,430.7,64.25,2000,2800.08,2161.85,1975.78
2024-02-01,716.58,1065.29,437.06,525.28,109.93,2000,2634.2,2023.37,2778.54
2024-02-02,1332.63,1102.84,427.94,574.46,103.58,2000,2785.38,1742.88,2463.65
2024-02-03,1041.54,1320.04,548.14,613.57,308.01,2000,2000.78,2176.01,2520.13
2024-02-04,1314.52,1134.31,533.41,479.78,294.28,2000,2665.18,1713.24,2762.95
2024-02-05,750.51,1095.31,453.36,524.57,248.73,2000,2218.5,2066.02,2260.86
2024-02-06,951.88,1253.67,542.25,528.49,307.19,2000,2458.71,1837.2,2558.79
2024-02-07,1075.09,1318.57,468.93,509.77,112.07,2000,2741.28,1926.86,2384.74
2024-02-08,1085.63,1271.9,495.44,495.06,234.86,2000,2611.33,2100.85,2363.17
2024-02-09,988.34,1299.6,688.96,521.8,187.48,2000,2331.56,2104.29,2213.19
2024-02-10,1204.95,1124.32,654.65,373.39,284.69,2000,2591.89,2267.39,2819.74
2024-02-11,868.79,1057.82,389.63,534.1,188.48,2000,2133.51,1983.55,2306.63
2024-02-12,1055.69,1350.13,601.53,506.31,161.51,2000,2940.99,2061.29,2572.6
2024-02-13,1109.98,1167.73,598.66,488.88,254.09,2000,2537.24,1912.45,1926.27
2024-02-14,1190.46,1174.92,401.65,602.34,287.62,2000,2937.27,2036.4,2687.37
2024-02-15,1231.46,1332.82,597.31,466.25,133.17,2000,2446.6,2087.9,2652.85
2024-02-16,865.67,1255.62,668.16,479.85,193.89,2000,2450.32,1980.34,2411.64
2024-02-17,785.13,1245.59,401.04,599.58,94.16,2000,2380.93,1639.25,2328.11
2024-02-18,1348.75,1416.5,420.47,458.4,0.0,2000,2875.81,2066.29,2482.48
2024-02-19,1160.83,1135.65,612.91,472.49,220.05,2000,2402.86,2072.91,2952.38
2024-02-20,945.72,1292.78,537.21,492.65,260.89,2000,2811.77,1863.97,1937.16
2024-02-21,1406.59,1205.7,564.12,542.04,226.21,2000,2506.33,1743.12,2571.33
2024-02-22,1120.34,1226.86,541.93,510.39,5.04,2000,2030.91,2295.18,2145.86
2024-02-23,1333.79,1352.85,545.84,435.37,164.92,2000,2455.21,2098.29,2366.8
2024-02-24,1112.05,1250.78,373.02,473.39,0.0,2000,2275.13,1954.18,2307.9
2024-02-25,1511.21,1253.83,609.3,469.63,336.97,2000,2641.57,1772.59,2260.97
2024-02-26,1450.53,1307.25,620.42,496.14,91.39,2000,2276.77,1835.64,2363.69
2024-02-27,1049.96,1163.5,479.41,521.29,325.54,2000,2914.14,2260.52,2081.1
2024-02-28,1294.25,1116.08,496.89,520.91,294.59,2000,2611.45,2027.53,2620.37
2024-02-29,1229.07,1095.52,347.02,411.2,109.94,2000,2587.87,1889.88,1913.05
2024-03-01,1373.68,1003.36,550.44,553.2,86.72,2000,2840.26,2101.94,2495.12
2024-03-02,906.82,1405.62,555.11,512.63,235.04,2000,2934.97,1837.12,2277.23
2024-03-03,1236.75,1089.68,490.58,569.23,115.57,2000,2642.03,2300.17,2064.91
2024-03-04,1310.85,1177.87,608.12,522.21,210.25,2000,2418.92,2270.56,2407.1
2024-03-05,746.93,1172.32,461.18,555.07,151.72,2000,2120.26,1906.69,1966.22
2024-03-06,861.43,1230.74,549.94,523.33,21.88,2000,2448.78,1874.27,2364.43
2024-03-07,689.53,1281.57,390.41,567.31,0.0,2000,2471.52,1476.37,1997.91
2024-03-08,1042.68,1286.05,488.93,526.11,222.67,2000,2690.85,1703.68,2468.18
2024-03-09,1239.15,1141.69,472.76,495.1,143.84,2000,2557.2,1732.11,2121.09
2024-03-10,1395.09,1183.29,511.64,613.62,144.69,2000,2869.08,2027.04,2238.84
2024-03-11,1108.31,1228.26,451.07,544.45,269.59,2000,2480.72,1934.75,2424.58
2024-03-12,1417.98,1175.13,473.8,528.69,317.34,2000,2649.37,1730.93,2157.55
2024-03-13,814.9,1360.73,568.48,436.18,172.75,2000,3023.51,1943.77,2335.88
2024-03-14,748.8,1249.1,441.14,435.58,165.94,2000,2772.63,2101.07,1971.7
2024-03-15,1076.83,1273.49,323.1,514.64,250.01,2000,2653.81,2105.57,2507.75
2024-03-16,1163.12,1266.29,657.67,507.28,64.31,2000,2492.92,1620.07,2791.23
2024-03-17,1078.04,1317.35,619.82,469.29,222.32,2000,2485.16,1974.35,3048.12
2024-03-18,669.26,1218.1,351.42,507.05,255.19,2000,2421.53,1723.33,2373.01
2024-03-19,1063.01,1070.32,548.6,579.43,268.02,2000,2515.95,2180.35,2547.52
2024-03-20,817.93,1239.97,428.32,534.77,6.32,2000,2906.44,2156.83,1905.66
2024-03-21,1210.67,1134.86,503.97,442.95,123.86,2000,2614.61,1820.39,2726.94
2024-03-22,1147.87,1147.14,506.05,494.42,112.17,2000,2277.63,1846.79,2545.84
2024-03-23,884.31,1258.64,452.21,459.75,209.99,2000,3214.35,1907.75,2231.42
2024-03-24,967.17,1323.83,396.31,480.62,248.07,2000,2781.17,1549.44,2662.42
2024-03-25,855.68,1202.13,404.68,479.32,349.67,2000,2264.34,2067.19,2290.31
2024-03-26,1052.49,1230.88,381.18,476.12,150.5,2000,2555.05,1945.43,2240.32
2024-03-27,1253.49,1370.22,388.69,437.24,150.24,2000,2722.0,2194.04,2474.65
2024-03-28,862.68,1224.08,464.24,493.62,314.97,2000,3201.18,1780.32,2091.06
2024-03-29,1157.93,1460.17,398.49,471.97,229.66,2000,2358.4,1876.18,2613.47
2024-03-30,948.3,1256.55,537.39,353.53,326.77,2000,2984.61,1698.69,2095.33
2024-03-31,892.95,1023.92,617.04,602.65,228.87,2000,3112.57,1799.14,2098.15
2024-04-01,1027.23,1275.33,409.46,554.44,84.29,2000,2504.99,1763.6,2134.68
2024-04-02,838.65,1238.12,490.57,481.18,66.69,2000,2611.14,2199.19,2553.49
2024-04-03,931.98,1328.98,515.78,500.94,44.85,2000,2384.26,1860.35,2211.03
2024-04-04,800.1,1267.32,512.21,441.42,266.21,2000,2634.82,2024.84,2029.91
2024-04-05,1429.54,1186.15,471.82,584.79,318.86,2000,2685.52,1923.85,2217.26
2024-04-06,1040.52,1077.57,537.72,594.86,384.94,2000,2894.99,1746.11,2362.52
2024-04-07,890.37,1179.1,510.93,507.83,284.31,2000,3024.69,1966.34,2077.23
2024-04-08,1069.92,1114.95,338.21,551.18,316.28,2000,2473.69,2119.82,2086.56
2024-04-09,1001.43,1141.95,548.18,508.76,142.0,2000,2108.35,1758.45,2904.4
2024-04-10,976.45,1258.86,549.3,433.16,84.36,2000,2692.55,2161.82,2163.6
2024-04-11,1140.21,1366.99,383.57,479.41,285.01,2000,2787.3,1830.06,2300.23
2024-04-12,1165.58,1239.47,463.04,506.6,241.77,2000,2774.33,1903.4,2291.5
2024-04-13,904.68,1080.41,526.94,477.27,210.74,2000,2601.71,2106.14,2280.36
2024-04-14,892.29,1244.46,437.06,489.07,238.74,2000,2737.29,1867.31,2543.5
2024-04-15,949.12,1319.66,564.7,495.43,232.32,2000,3154.59,2007.51,2627.74
2024-04-16,540.41,1139.02,693.22,495.96,328.38,2000,2814.52,1937.06,2316.81
2024-04-17,694.43,1186.6,377.68,502.61,329.5,2000,2587.97,2025.87,2086.85
2024-04-18,1267.51,1201.47,317.65,446.97,254.42,2000,2549.85,1523.85,2717.32
2024-04-19,1319.8,1121.51,485.63,464.15,284.58,2000,2648.83,1634.06,2377.67
2024-04-20,937.69,1264.83,526.92,435.77,251.41,2000,3190.63,2123.19,2836.94
2024-04-21,1099.51,1187.91,431.21,548.89,153.88,2000,2644.38,2207.44,1845.88
2024-04-22,1043.16,1241.95,599.19,394.72,275.66,2000,2693.14,1817.9,2459.11
2024-04-23,1593.43,1111.25,319.58,557.68,60.55,2000,2554.04,1951.19,2892.94
2024-04-24,1198.33,1156.25,522.34,569.32,305.39,2000,3028.02,2058.94,2328.06
2024-04-25,945.63,1272.24,392.09,484.89,80.55,2000,3285.82,2138.64,2363.14
2024-04-26,776.93,1162.72,624.27,369.84,228.58,2000,2832.54,1594.46,2496.58
2024-04-27,643.6,1372.7,651.26,481.93,115.48,2000,2721.62,1822.79,2286.24
2024-04-28,1002.49,1160.04,375.04,496.79,255.34,2000,2707.2,1933.48,2351.21
2024-04-29,807.46,1222.47,396.48,449.47,196.61,2000,1980.2,2140.63,2348.1
2024-04-30,671.27,1293.26,537.14,474.24,40.52,2000,2918.31,2499.69,2279.07
2024-05-01,823.44,1058.16,412.24,576.51,242.07,2000,2734.23,1954.4,2746.55
2024-05-02,733.54,1023.92,446.21,533.25,142.21,2000,2821.64,1718.6,2558.05
2024-05-03,1284.42,1047.43,453.11,453.77,288.11,2000,2478.81,2080.45,2508.92
2024-05-04,1120.52,1326.26,258.45,420.12,200.13,2000,2575.96,2264.2,2651.93
2024-05-05,939.87,1144.81,448.9,483.65,239.54,2000,2566.99,2021.6,2387.24
2024-05-06,1234.78,1455.82,381.21,489.33,104.24,2000,2995.74,1818.67,2263.36
2024-05-07,951.66,1143.58,400.78,524.81,141.07,2000,2574.52,2191.6,2309.86
2024-05-08,761.4,1218.46,594.4,473.23,154.14,2000,3311.79,2132.71,2464.59
2024-05-09,1235.83,1354.21,324.36,525.57,285.67,2000,2815.04,1794.78,2202.99
2024-05-10,1036.6,1400.61,531.32,596.76,367.74,2000,2301.82,2076.29,2346.4
2024-05-11,719.07,1406.15,422.12,540.78,119.48,2000,2644.65,2199.45,2346.13
2024-05-12,886.23,1320.84,422.08,497.6,307.68,2000,2486.34,2236.38,3010.0
2024-05-13,747.04,1302.41,529.16,490.84,0.0,2000,2022.12,1986.71,1789.13
2024-05-14,643.56,1259.25,484.22,482.17,80.58,2000,3158.81,1928.38,2441.41
2024-05-15,1103.39,1277.84,507.39,559.03,104.12,2000,2888.4,2245.45,2921.48
2024-05-16,1298.17,1144.88,547.29,468.63,64.75,2000,2835.86,1757.97,2524.26
2024-05-17,634.8,1118.18,417.51,502.26,41.64,2000,2723.91,2087.72,2685.9
2024-05-18,1025.42,1199.66,389.6,502.56,241.3,2000,2258.02,1725.99,2526.25
2024-05-19,781.11,1182.98,342.53,474.91,178.59,2000,2525.83,2213.08,2338.21
2024-05-20,812.33,1154.68,368.74,431.38,237.94,2000,2921.7,1948.39,1948.31
2024-05-21,789.89,1269.64,746.45,516.15,269.05,2000,2352.0,2253.72,2563.89
2024-05-22,734.29,1295.53,576.29,496.95,226.56,2000,1905.98,2098.28,2322.36
2024-05-23,915.61,1208.84,317.03,525.01,265.78,2000,2595.49,1755.36,2319.9
2024-05-24,738.64,1347.75,320.22,473.32,193.05,2000,2619.15,2284.93,2398.95
2024-05-25,957.95,1085.83,501.01,561.04,81.3,2000,2700.37,2310.25,2963.61
2024-05-26,892.95,1180.63,507.93,456.16,305.78,2000,2876.22,2176.46,3132.28
2024-05-27,854.45,1128.32,508.5,585.6,141.09,2000,2846.88,1847.68,2589.03
2024-05-28,720.08,1013.35,428.54,412.62,106.44,2000,2731.11,1938.8,2422.17
2024-05-29,785.7,1191.73,441.94,521.74,182.21,2000,3009.98,2029.09,2247.67
2024-05-30,1051.71,1187.83,487.74,523.77,108.72,2000,2193.43,1859.26,2662.7
2024-05-31,1000.49,1351.34,464.04,460.22,158.26,2000,2798.25,2338.47,2994.85
2024-06-01,704.59,1263.08,234.03,521.22,234.41,2000,2832.56,2028.87,2490.81
2024-06-02,919.87,1097.58,433.52,563.98,234.83,2000,2270.41,1459.33,1961.39
2024-06-03,1050.3,1385.41,371.92,389.16,110.22,2000,2189.05,2067.87,2727.12
2024-06-04,566.27,1322.1,475.16,525.14,151.23,2000,2413.73,1930.37,2809.37
2024-06-05,1009.06,1258.21,756.76,375.34,307.43,2000,2436.61,1985.01,2169.95
2024-06-06,768.21,1177.35,495.61,451.72,249.64,2000,2858.62,1926.28,2613.87
2024-06-07,1015.31,1104.06,428.15,581.46,407.51,2000,2445.72,2161.41,2685.85
2024-06-08,749.11,1162.78,552.34,470.91,318.01,2000,2370.63,2223.94,2558.02
2024-06-09,541.46,1308.87,509.11,441.31,314.43,2000,2441.45,2056.61,2381.81
2024-06-10,577.71,1388.46,503.55,490.1,61.21,2000,2957.91,1932.14,2836.64
2024-06-11,913.73,1354.32,522.95,603.4,276.39,2000,2623.58,1991.73,2484.92
2024-06-12,957.06,1151.12,668.66,408.42,194.69,2000,2563.21,2003.92,2217.51
2024-06-13,725.36,1088.04,350.67,447.43,144.9,2000,2581.26,1839.51,2079.44
2024-06-14,1035.15,1214.09,511.9,574.87,216.8,2000,2999.13,2115.79,2909.95
2024-06-15,576.44,1023.16,372.69,592.89,294.52,2000,2383.98,2092.01,2751.79
2024-06-16,896.94,1232.32,521.68,494.83,250.08,2000,3000.57,2308.09,2622.43
2024-06-17,669.47,1185.24,375.09,438.05,112.15,2000,2666.22,2251.07,2493.12
2024-06-18,782.91,1153.4,426.06,604.79,274.25,2000,2552.08,1862.87,2473.63
2024-06-19,924.47,1040.53,439.15,579.72,136.24,2000,3347.58,2164.06,2339.57
2024-06-20,744.71,1251.36,567.11,533.95,221.67,2000,2277.69,1809.81,2503.19
2024-06-21,841.77,1146.73,562.27,459.38,169.66,2000,2485.32,2139.19,2083.52
2024-06-22,1121.93,1083.01,346.75,497.55,178.11,2000,2218.72,1896.68,2431.94
2024-06-23,807.36,912.77,477.73,491.98,276.62,2000,2871.19,1795.35,2540.56
2024-06-24,1092.04,1197.25,402.21,516.54,95.98,2000,3089.18,2056.01,2773.04
2024-06-25,701.2,1377.23,348.27,572.55,394.52,2000,3080.35,1465.09,2612.78
2024-06-26,1035.43,1366.13,453.37,543.97,17.89,2000,2943.49,1649.8,2823.61
2024-06-27,1220.18,1154.29,445.19,446.13,140.23,2000,2513.93,1964.5,2964.2
2024-06-28,440.02,1139.78,719.69,568.82,237.02,2000,2460.53,2016.49,2893.42
2024-06-29,777.52,1246.88,521.31,515.66,258.43,2000,2065.62,1926.14,2748.38
2024-06-30,1054.93,1100.16,341.26,534.35,189.95,2000,3174.58,1684.11,2635.52
2024-07-01,901.6,1230.18,423.55,573.33,194.26,2000,2701.35,1836.42,2389.07
2024-07-02,1019.19,1276.61,583.19,444.42,241.06,2000,2409.88,2078.24,2820.88
2024-07-03,826.97,1322.69,690.93,498.21,176.89,2000,2952.68,2116.36,3057.38
2024-07-04,967.96,1189.98,324.53,473.43,339.32,2000,2259.22,1996.76,2724.42
2024-07-05,922.43,1179.63,296.19,421.61,283.93,2000,2669.81,2231.37,3119.58
2024-07-06,1190.1,1112.2,672.33,517.34,287.28,2000,2492.79,2079.48,2260.16
2024-07-07,1010.45,1117.31,525.26,625.58,103.38,2000,2732.93,1850.51,2354.21
2024-07-08,1030.16,1177.35,400.55,408.0,192.06,2000,2518.98,1943.9,2857.66
2024-07-09,883.38,1236.74,541.92,498.39,169.95,2000,2099.5,1719.43,2710.95
2024-07-10,871.38,1291.36,225.96,532.03,99.44,2000,2554.16,1978.37,2974.25
2024-07-11,885.58,1119.68,490.96,506.15,236.02,2000,2842.85,2222.42,2642.77
2024-07-12,1054.19,1349.27,524.5,494.34,146.24,2000,2516.13,2137.06,2430.39
2024-07-13,894.35,1172.89,585.24,435.04,265.54,2000,2754.11,2280.4,2594.63
2024-07-14,1039.77,1197.86,392.53,511.64,92.98,2000,2204.6,1939.42,2265.42
2024-07-15,1400.18,1125.28,503.59,462.16,371.9,2000,2507.06,2269.22,2366.91
2024-07-16,1162.63,957.58,403.59,390.5,110.37,2000,2324.26,1961.34,2892.54
2024-07-17,926.52,1288.4,522.78,559.73,221.93,2000,2732.38,2294.32,2867.91
2024-07-18,1235.29,1273.68,408.81,547.92,279.19,2000,2514.4,1995.63,2740.65
2024-07-19,916.76,1171.87,458.65,502.58,142.94,2000,2708.64,2141.45,2219.72
2024-07-20,594.09,1206.7,400.99,511.45,285.25,2000,2824.6,2295.02,2560.39
2024-07-21,803.43,1251.59,566.79,553.72,77.08,2000,2702.44,1961.31,2343.64
2024-07-22,634.21,1043.75,588.64,511.22,345.21,2000,2573.56,2043.68,2943.84
2024-07-23,941.38,1147.09,480.44,545.2,201.41,2000,2188.83,2257.77,2503.49
2024-07-24,1018.67,1279.43,508.83,485.13,140.36,2000,2484.13,1973.4,2377.61
2024-07-25,1353.56,1074.57,361.25,565.6,170.08,2000,2321.72,1735.82,2656.03
2024-07-26,1086.93,1229.36,477.24,516.04,280.89,2000,2375.11,2428.6,2487.98
2024-07-27,980.96,1064.34,503.29,509.7,141.55,2000,2362.66,1906.05,3018.3
2024-07-28,1193.88,1246.64,771.48,436.5,125.06,2000,2177.74,2031.75,2462.91
2024-07-29,588.96,1196.44,399.3,514.35,177.85,2000,1881.22,2231.2,2295.97
2024-07-30,1081.45,1038.49,657.99,458.4,82.3,2000,2264.69,1878.3,2106.62
2024-07-31,1191.62,1316.47,612.34,468.09,382.05,2000,2519.87,1798.43,2636.13
2024-08-01,744.79,1126.54,541.79,459.23,143.36,2000,2054.14,2050.75,2502.24
2024-08-02,1272.29,1118.97,690.65,446.69,283.16,2000,2460.04,1641.38,2284.3
2024-08-03,1114.21,1220.06,553.06,606.24,220.95,2000,3022.17,1942.42,2937.54
2024-08-04,966.38,1314.86,555.81,566.57,101.55,2000,2755.78,2049.01,2805.67
2024-08-05,1178.86,1098.42,512.63,596.02,199.4,2000,2938.71,1946.01,2630.34
2024-08-06,1509.26,1206.17,641.33,438.86,278.4,2000,2559.79,1691.31,2976.93
2024-08-07,1094.24,1242.88,629.64,503.56,181.17,2000,2789.52,2318.84,2799.85
2024-08-08,1110.2,1269.31,458.44,435.32,319.31,2000,2218.91,2020.71,2426.79
2024-08-09,971.3,1217.64,390.09,465.22,302.15,2000,2239.64,2286.23,2370.9
2024-08-10,895.75,1163.3,502.71,454.09,291.89,2000,1608.07,1947.99,2833.32
2024-08-11,1234.26,1117.24,443.98,561.98,154.03,2000,2782.55,1824.0,2725.95
2024-08-12,899.38,1208.61,518.6,480.19,92.02,2000,2885.71,2053.84,2667.26
2024-08-13,1087.23,1092.79,649.65,553.42,138.64,2000,2254.59,1956.84,2411.08
2024-08-14,979.63,907.86,481.12,530.21,219.62,2000,2341.31,1764.45,2772.5
2024-08-15,1173.11,1243.66,523.5,615.18,254.58,2000,2188.31,2293.96,2429.36
2024-08-16,1146.12,1290.39,534.5,426.03,0.0,2000,2526.27,1875.55,2590.4
2024-08-17,1288.88,963.71,614.45,562.96,199.19,2000,2745.97,1631.95,2975.21
2024-08-18,981.26,1099.03,305.8,557.32,215.81,2000,1882.71,2265.63,2445.78
2024-08-19,1031.08,1261.92,470.69,451.33,172.25,2000,2525.45,1899.14,2215.18
2024-08-20,891.01,1405.75,553.35,550.36,329.13,2000,2316.72,1878.44,2342.67
2024-08-21,999.51,1202.08,653.07,516.81,242.18,2000,2430.87,1646.92,2851.69
2024-08-22,1165.34,1127.2,484.7,488.63,331.02,2000,2531.71,2348.19,2664.04
2024-08-23,1242.69,1181.71,347.04,458.8,178.4,2000,2334.74,1742.1,2565.32
2024-08-24,908.17,1337.49,597.46,464.04,293.75,2000,2357.34,2011.69,2467.39
2024-08-25,1267.73,1135.4,472.73,602.49,363.51,2000,2321.5,2182.52,2713.07
2024-08-26,1366.04,1120.08,418.05,500.03,331.17,2000,2674.04,2084.34,2376.45
2024-08-27,1178.6,1151.73,475.32,539.11,90.79,2000,2505.89,1988.07,2662.1
2024-08-28,1472.16,1104.67,520.02,460.46,174.63,2000,2443.78,1659.67,2399.76
2024-08-29,942.82,1212.27,478.7,461.01,165.48,2000,1993.7,1838.06,2355.0
2024-08-30,849.33,1362.47,319.3,554.1,248.93,2000,2258.83,2037.56,2416.84
2024-08-31,743.08,1232.31,630.22,432.52,268.64,2000,2639.45,1842.57,2479.11
2024-09-01,1398.49,1174.76,668.65,479.24,116.11,2000,2378.65,2040.67,2557.45
2024-09-02,1230.49,1170.82,606.93,501.7,206.78,2000,2562.72,2136.35,2625.18
2024-09-03,1088.74,1043.68,428.61,505.57,0.0,2000,2892.38,2192.5,1640.84
2024-09-04,1155.97,1288.31,522.81,491.05,344.19,2000,2671.61,1754.76,2357.6
2024-09-05,874.89,1192.22,542.86,519.79,148.76,2000,2385.61,2439.33,2458.16
2024-09-06,1589.04,1181.95,603.93,534.64,205.59,2000,2202.05,2153.5,2928.82
2024-09-07,1125.53,1519.31,611.4,536.73,169.04,2000,1587.0,1999.66,2279.03
2024-09-08,1121.24,1229.88,471.64,450.71,314.6,2000,2300.3,2217.91,2586.17
2024-09-09,1244.08,1124.82,553.73,485.79,0.0,2000,2250.82,2473.08,2915.64
2024-09-10,1194.59,1157.36,591.71,559.74,198.34,2000,2463.57,1712.26,2210.02
2024-09-11,1142.52,1314.84,691.99,544.73,189.42,2000,2298.18,1954.95,2633.12
2024-09-12,938.89,1211.33,617.26,431.36,154.64,2000,2246.16,1524.31,2330.4
2024-09-13,1190.41,1056.17,626.09,517.57,372.62,2000,1806.43,2038.53,2401.13
2024-09-14,1471.55,1291.92,555.92,401.09,111.27,2000,2056.28,2073.08,2322.82
2024-09-15,1363.15,1133.19,688.92,502.35,277.18,2000,2479.32,1992.17,2336.92
2024-09-16,1411.52,1387.33,589.16,594.89,235.63,2000,2849.21,1869.09,3196.64
2024-09-17,989.35,1308.0,462.36,452.61,326.15,2000,2303.33,1590.1,2723.54
2024-09-18,892.28,1155.27,689.06,458.28,133.28,2000,2429.13,2074.71,2784.12
2024-09-19,1063.56,1328.1,618.76,538.2,126.7,2000,2614.78,2291.09,2627.94
2024-09-20,1098.27,1206.79,504.87,422.86,309.61,2000,2084.06,1881.8,2099.63
2024-09-21,1304.28,1285.28,501.42,468.36,242.53,2000,2435.71,2088.01,2596.18
2024-09-22,745.17,1248.47,579.19,529.82,45.51,2000,2101.91,1686.37,2761.93
2024-09-23,1387.7,1115.36,595.99,468.29,146.07,2000,2581.95,2091.44,2276.6
2024-09-24,1048.23,1135.65,569.51,488.2,238.64,2000,2366.41,1921.32,2727.55
2024-09-25,992.4,1303.0,581.01,537.21,283.78,2000,2409.06,1847.52,2658.57
2024-09-26,873.22,1166.52,719.94,521.08,132.08,2000,2083.34,1847.93,2941.78
2024-09-27,742.45,1159.64,657.14,513.34,0.0,2000,2528.86,1921.28,2370.62
2024-09-28,1235.75,1104.49,569.06,483.04,252.32,2000,2940.86,2076.49,2196.97
2024-09-29,1083.4,1242.36,644.12,518.5,77.97,2000,2011.81,1737.57,2377.29
2024-09-30,808.28,1406.25,446.71,493.81,0.0,2000,2211.05,1920.58,2822.94
2024-10-01,804.73,1093.25,589.69,522.89,0.0,2000,2381.31,1991.71,2003.32
2024-10-02,993.98,1202.42,730.75,475.15,281.4,2000,2546.64,1780.19,1939.72
2024-10-03,1392.27,1341.22,527.91,490.87,212.86,2000,2141.81,2359.33,2475.59
2024-10-04,1003.81,1192.04,464.82,450.5,177.43,2000,1458.76,1829.3,2339.04
2024-10-05,752.3,1245.24,484.22,498.25,338.9,2000,2715.49,1866.11,2448.1
2024-10-06,1000.93,1093.76,440.28,459.45,263.73,2000,2534.99,1804.34,2679.02
2024-10-07,992.62,1242.83,470.56,444.3,361.63,2000,1783.12,2359.7,2301.1
2024-10-08,504.82,1181.29,511.76,512.93,60.73,2000,2122.95,2110.58,1967.58
2024-10-09,1030.33,1298.57,408.0,510.64,196.54,2000,2774.94,1812.68,2943.58
2024-10-10,991.94,1318.74,549.84,539.14,38.33,2000,2738.15,2221.25,2179.83
2024-10-11,1174.26,1458.96,638.21,478.44,177.06,2000,2584.78,2040.14,2161.09
2024-10-12,1401.67,1257.96,456.88,520.4,175.14,2000,2249.79,2051.45,2698.55
2024-10-13,1254.02,1232.58,699.24,527.54,262.66,2000,2327.01,1931.1,2323.31
2024-10-14,971.72,1219.44,598.02,522.24,204.56,2000,2262.38,1850.12,2400.44
2024-10-15,800.95,1164.68,649.6,458.72,262.34,2000,2639.73,2067.55,2533.9
2024-10-16,1533.67,1233.85,480.34,507.47,270.34,2000,2038.16,1890.98,2681.07
2024-10-17,1027.56,1170.46,631.14,518.21,415.49,2000,2058.88,2363.35,2323.84
2024-10-18,1015.2,1216.85,436.03,500.36,168.47,2000,2603.47,1746.14,2784.27
2024-10-19,1004.28,1331.76,633.76,395.68,105.9,2000,2286.9,2307.23,1867.48
2024-10-20,1045.4,1099.35,561.42,508.02,224.61,2000,2713.62,1977.74,2588.58
2024-10-21,973.58,1313.99,599.03,610.63,119.77,2000,2098.56,2059.82,2186.02
2024-10-22,884.38,1331.71,425.59,482.0,348.2,2000,2283.57,2166.63,2736.3
2024-10-23,886.41,1188.19,453.07,463.6,171.68,2000,2023.32,1873.95,2426.14
2024-10-24,985.9,987.81,601.71,518.67,143.44,2000,2302.35,2172.85,2219.87
2024-10-25,880.45,1139.22,446.54,515.62,152.87,2000,1856.73,1458.49,2551.35
2024-10-26,843.26,1329.7,587.06,559.64,271.84,2000,2154.22,1856.0,2606.54
2024-10-27,1003.82,1197.71,403.37,437.11,184.23,2000,1869.89,1815.19,2541.4
2024-10-28,928.27,1100.07,624.23,536.57,135.83,2000,2509.27,1749.3,2121.26
2024-10-29,1276.82,1149.52,415.47,529.52,366.54,2000,2516.44,1957.01,2255.51
2024-10-30,442.6,1284.06,593.24,492.89,114.38,2000,1782.82,2077.15,2373.41
2024-10-31,1187.9,1254.67,599.84,516.93,203.56,2000,2702.55,2140.53,2362.1
2024-11-01,1215.66,1176.11,466.85,551.47,265.23,2000,3052.14,2048.18,2557.92
2024-11-02,548.65,1163.32,593.96,543.62,36.87,2000,2317.32,1866.86,1864.91
2024-11-03,891.71,1160.82,561.02,442.85,248.03,2000,2111.83,2073.8,2450.45
2024-11-04,882.92,1107.76,480.29,541.01,94.49,2000,3152.17,2024.86,2292.68
2024-11-05,672.72,1361.54,432.49,496.77,282.28,2000,1909.94,2187.21,2153.95
2024-11-06,795.72,1167.77,336.25,503.64,103.73,2000,2312.47,2155.39,2176.44
2024-11-07,726.28,1321.72,566.63,503.66,269.28,2000,2361.19,2006.1,2307.0
2024-11-08,1296.03,1352.13,374.31,492.49,310.58,2000,2711.77,1820.55,1459.02
2024-11-09,1129.94,1299.83,539.45,559.59,286.14,2000,2417.12,1869.41,2182.71
2024-11-10,1194.42,1156.84,502.67,495.81,225.13,2000,2160.63,1890.04,2137.91
2024-11-11,1081.8,1240.37,596.02,444.02,176.87,2000,2025.94,1936.95,2488.99
2024-11-12,709.09,1197.58,496.97,480.32,142.36,2000,2209.88,2053.61,2153.42
2024-11-13,827.51,1109.63,493.29,508.93,347.1,2000,2011.54,2143.03,2300.13
2024-11-14,1027.87,1232.44,598.47,561.46,130.05,2000,2329.2,1989.78,2738.67
2024-11-15,683.22,1082.1,557.83,530.15,96.29,2000,2146.88,2003.22,2600.98
2024-11-16,1067.99,1318.77,554.96,457.47,266.54,2000,1869.26,2028.66,2577.34
2024-11-17,875.15,1153.54,569.28,624.26,120.39,2000,2695.4,1896.82,2226.27
2024-11-18,846.16,1220.12,367.8,513.24,104.99,2000,2171.0,1814.92,2486.56
2024-11-19,1061.31,1228.33,596.02,563.77,55.64,2000,1941.34,1648.91,2291.99
2024-11-20,1006.05,1174.11,580.57,492.41,151.71,2000,2272.85,1860.97,2301.19
2024-11-21,843.18,1258.67,416.63,526.67,191.73,2000,2345.42,2094.63,2452.48
2024-11-22,1145.52,1152.51,492.85,541.97,224.31,2000,1802.6,1859.42,2200.75
2024-11-23,695.8,1287.13,512.28,560.91,295.13,2000,2427.72,1952.44,2723.28
2024-11-24,1033.67,1065.4,501.71,552.87,252.69,2000,2015.81,2093.29,2310.13
2024-11-25,1027.67,1212.64,547.48,543.61,180.91,2000,2845.05,2104.14,2504.97
2024-11-26,845.8,1393.89,656.16,484.25,180.18,2000,2490.75,1784.09,2714.59
2024-11-27,971.71,1099.97,620.12,471.41,251.02,2000,2215.46,2199.41,2609.01
2024-11-28,655.13,1132.23,379.64,516.63,327.26,2000,2113.8,2225.47,1999.37
2024-11-29,1089.13,1251.39,571.99,546.66,212.63,2000,2307.82,1774.03,2463.42
2024-11-30,866.43,1217.96,641.58,488.86,153.09,2000,2525.16,1835.23,2565.56
2024-12-01,798.06,1235.06,546.27,553.26,100.71,2000,2335.72,2238.22,2576.62
2024-12-02,1111.7,1248.92,615.59,572.63,55.48,2000,2280.32,1970.63,2076.2
2024-12-03,760.44,1263.47,706.61,454.18,266.63,2000,2365.11,1556.04,2191.23
2024-12-04,619.13,1310.97,606.65,458.15,257.8,2000,2168.63,1720.06,2605.17
2024-12-05,589.13,1240.98,528.1,492.98,257.74,2000,2249.04,1950.13,2167.23
2024-12-06,1021.39,1175.87,606.57,515.38,187.13,2000,1728.53,1767.39,2283.98
2024-12-07,643.96,1267.26,515.44,473.77,340.69,2000,2648.69,1917.32,2754.19
2024-12-08,1250.96,1389.99,502.23,567.61,151.59,2000,2448.55,2006.48,2349.67
2024-12-09,483.69,1186.74,463.59,521.2,295.53,2000,2129.26,2292.45,2181.42
2024-12-10,1239.55,1102.55,653.96,501.97,196.13,2000,2933.34,1941.91,2145.28
2024-12-11,942.75,1310.71,414.67,428.2,139.16,2000,2392.28,2214.51,2449.53
2024-12-12,881.61,1187.96,648.64,434.21,259.25,2000,2057.83,2285.75,2034.81
2024-12-13,792.48,982.73,544.29,514.05,240.96,2000,2628.22,2286.86,2308.09
2024-12-14,981.92,1284.74,353.27,393.37,235.7,2000,2493.18,2056.95,2455.14
2024-12-15,895.29,1146.47,528.86,550.63,208.13,2000,2494.75,1607.34,2698.6
2024-12-16,1124.32,1190.95,281.0,492.09,196.21,2000,2251.28,2092.16,2542.77
2024-12-17,927.45,1233.2,552.46,662.15,438.84,2000,2516.83,2209.68,2199.51
2024-12-18,935.72,1219.05,577.35,615.4,318.43,2000,2305.86,1983.79,2674.85
2024-12-19,834.1,1270.95,428.51,490.93,272.28,2000,2553.9,2348.92,2307.66
2024-12-20,896.69,1156.45,499.03,494.68,211.18,2000,1818.4,2171.97,2075.99
2024-12-21,971.0,1251.31,681.02,549.78,300.72,2000,2262.52,2113.65,2344.34
2024-12-22,568.87,1174.05,433.97,585.16,251.8,2000,2912.16,2217.28,2749.41
2024-12-23,642.83,1273.88,377.6,418.1,202.62,2000,2168.25,2066.67,2433.75
2024-12-24,1062.78,1261.54,630.61,410.68,169.64,2000,2220.1,1501.44,2398.22
2024-12-25,950.06,1106.46,677.67,468.9,191.91,2000,2269.78,1900.17,2807.11
2024-12-26,880.94,1308.6,480.75,529.14,0.0,2000,2042.66,2239.43,2042.74
2024-12-27,923.36,1146.4,580.51,524.84,221.06,2000,1747.59,1838.48,2082.02
2024-12-28,991.22,1280.81,612.51,553.49,151.15,2000,2343.88,1955.31,2002.36
2024-12-29,815.87,1236.73,403.12,440.02,359.27,2000,2456.83,1791.03,2502.44
2024-12-30,770.36,1383.82,427.85,384.19,201.93,2000,2403.36,2356.78,2453.91
2024-12-31,967.47,1177.65,598.49,542.9,81.1,2000,2378.71,2336.3,2801.04
2025-01-01,734.99,1165.07,642.95,458.59,195.01,2000,2438.16,1823.23,2479.35
2025-01-02,1014.76,1198.06,529.78,399.08,95.39,2000,2735.21,2029.46,2320.61
2025-01-03,595.11,1169.68,384.58,507.25,247.34,2000,2374.34,1863.9,2425.32
2025-01-04,1144.04,1279.99,670.34,539.66,229.09,2000,2262.39,2122.99,2457.57
2025-01-05,1035.38,1038.37,417.63,493.9,295.78,2000,2353.44,2101.94,2013.52
2025-01-06,994.79,1094.63,436.32,477.11,120.91,2000,2614.76,2162.34,3112.4
2025-01-07,1142.91,1093.22,503.19,492.03,203.4,2000,2867.75,2066.38,2568.18
2025-01-08,1282.31,1295.03,623.51,481.47,63.5,2000,2258.91,2587.08,2494.15
2025-01-09,1154.98,1371.06,552.64,432.6,270.15,2000,2480.26,1794.42,2598.91
2025-01-10,586.89,1189.56,507.9,464.27,251.89,2000,2555.32,1657.88,2625.98
2025-01-11,702.15,1183.12,511.93,526.06,249.58,2000,2159.29,1921.38,2417.03
2025-01-12,836.15,1207.01,469.15,516.08,200.16,2000,2466.45,1686.4,2297.93
2025-01-13,969.42,1316.19,519.84,508.4,241.48,2000,2023.89,1701.51,2609.19
2025-01-14,1070.87,1107.26,210.3,450.24,360.43,2000,1936.16,1799.74,2559.38
2025-01-15,825.36,1223.84,432.85,490.92,171.49,2000,2580.19,1815.56,2264.13
2025-01-16,1011.06,1297.52,485.92,391.15,213.86,2000,2358.31,1809.08,2825.02
2025-01-17,825.86,1250.11,345.98,508.92,91.39,2000,2537.46,2103.64,2547.29
2025-01-18,857.89,1218.96,499.03,571.44,113.17,2000,2474.72,1898.76,2660.1
2025-01-19,702.14,1300.1,439.28,426.29,209.78,2000,2190.49,1964.1,2829.35
2025-01-20,802.12,929.68,634.63,470.7,310.39,2000,2473.16,2178.85,2490.56
2025-01-21,719.74,1267.79,615.75,516.46,174.37,2000,2120.13,1846.74,2568.06
2025-01-22,798.22,1134.59,411.26,562.64,176.41,2000,2910.69,1947.09,2695.08
2025-01-23,1207.45,1016.94,442.17,477.59,159.31,2000,2089.93,2073.15,2315.1
2025-01-24,810.18,1251.12,449.29,465.39,146.52,2000,2441.32,1611.69,2513.58
2025-01-25,1529.87,1337.37,410.98,401.55,229.5,2000,2190.71,1523.02,2535.2
2025-01-26,1105.38,1186.26,475.12,505.17,50.27,2000,2677.85,2069.22,2268.55
2025-01-27,1047.01,1295.29,379.29,602.1,328.09,2000,2410.63,2098.4,3090.72
2025-01-28,841.68,1361.23,341.58,513.87,133.46,2000,2357.78,2412.84,2163.22
2025-01-29,1156.71,1331.49,516.46,498.89,272.19,2000,2772.67,2031.62,2194.24
2025-01-30,904.8,1364.0,516.71,516.1,73.0,2000,2528.85,2163.95,2851.04
2025-01-31,1047.58,1274.21,372.91,499.45,266.88,2000,2678.33,1960.91,2704.5
2025-02-01,1538.43,1207.54,542.49,459.35,267.19,2000,2232.25,2059.45,2273.37
2025-02-02,1010.4,1039.8,389.43,541.16,238.42,2000,2108.5,2333.45,2685.35
2025-02-03,1262.63,1175.39,477.56,511.29,100.56,2000,2565.4,1575.2,2904.14
2025-02-04,895.27,1115.68,533.96,500.88,224.95,2000,2440.87,2082.72,2533.23
2025-02-05,1032.0,1417.09,448.28,451.23,81.69,2000,2727.72,2427.12,3194.1
2025-02-06,1396.2,1182.41,496.84,565.18,174.72,2000,2519.08,2056.41,2116.94
2025-02-07,919.65,1212.32,399.48,533.24,302.94,2000,2607.82,2330.11,2724.95
2025-02-08,1410.48,1255.15,431.25,472.35,279.67,2000,2062.52,1874.16,2846.63
2025-02-09,1192.44,1204.36,430.12,550.09,201.52,2000,3119.29,1993.59,2781.31
2025-02-10,941.24,1369.51,375.87,475.12,102.52,2000,2506.7,2006.7,2510.82
2025-02-11,1182.99,1137.74,432.7,460.9,264.56,2000,2768.44,1556.48,2492.69
2025-02-12,1253.74,1219.46,295.39,462.01,201.94,2000,2311.51,1766.36,2679.7
2025-02-13,1186.25,1125.75,401.04,411.45,0.0,2000,2657.9,1780.62,2775.91
2025-02-14,750.42,1068.0,421.59,523.58,278.26,2000,2177.78,2164.41,2725.86
2025-02-15,921.55,1138.82,424.41,408.44,197.58,2000,2707.38,2174.43,2838.47
2025-02-16,1019.91,1196.3,425.85,438.58,320.25,2000,2468.07,2064.81,2326.91
2025-02-17,1056.89,1157.07,443.83,396.22,90.47,2000,2586.7,2164.82,2527.81
2025-02-18,1198.19,1130.76,497.97,495.7,0.0,2000,2790.39,1967.17,2352.81
2025-02-19,1111.8,1059.37,537.53,492.48,227.91,2000,2214.27,2240.39,2494.3
2025-02-20,811.3,1191.69,385.17,483.67,229.16,2000,2381.7,2001.76,2847.59
2025-02-21,1156.44,1049.53,329.92,447.87,30.93,2000,2727.23,2011.57,2623.68
2025-02-22,1204.45,1276.01,346.16,441.39,102.15,2000,3222.47,1946.88,3251.23
2025-02-23,1196.14,1208.24,401.79,523.22,475.52,2000,2554.51,2136.89,2650.65
2025-02-24,1302.09,1054.24,415.49,472.47,169.44,2000,2776.19,1915.76,2619.93
2025-02-25,1254.37,1169.08,373.88,515.82,273.1,2000,2569.64,2195.29,2634.2
2025-02-26,1180.98,1124.78,321.49,455.74,134.93,2000,3187.26,1773.57,2450.78
2025-02-27,1076.57,1231.92,405.73,509.05,0.0,2000,2083.25,1780.22,2598.28
2025-02-28,759.78,1334.05,469.75,565.16,182.97,2000,2638.6,2137.49,2897.12
2025-03-01,1179.15,1012.48,511.41,529.31,173.44,2000,2125.31,1982.29,2646.03
2025-03-02,1135.92,1211.5,396.48,479.38,160.01,2000,1863.74,1909.22,2421.47
2025-03-03,1149.74,1183.99,411.26,512.86,188.54,2000,2707.65,2178.01,2390.78
2025-03-04,841.02,1267.13,360.25,487.97,226.43,2000,2662.93,1878.55,2511.64
2025-03-05,881.0,1221.32,450.16,500.39,184.99,2000,2538.27,1959.96,2644.72
2025-03-06,1308.57,1124.8,368.87,483.72,73.6,2000,2594.46,2279.85,2926.64
2025-03-07,1090.64,1168.09,511.46,491.78,248.62,2000,3558.38,2307.83,2295.02
2025-03-08,1235.36,1120.4,276.01,510.6,5.06,2000,2553.97,2314.48,2552.01
2025-03-09,1105.13,1307.6,419.11,450.33,0.0,2000,2786.95,1943.57,2669.79
2025-03-10,1105.7,1202.13,485.69,449.21,273.92,2000,2441.56,2246.14,2176.94
2025-03-11,1287.59,1390.12,474.48,430.57,250.7,2000,2727.36,1810.21,2428.54
2025-03-12,996.79,1193.93,725.94,419.99,194.26,2000,2569.7,1818.62,2468.46
2025-03-13,1119.18,1129.16,492.18,439.14,60.46,2000,2520.36,1529.91,2440.84
2025-03-14,1007.35,1048.63,357.38,507.97,129.21,2000,3191.48,2334.57,2689.12
2025-03-15,1012.64,1019.69,448.85,455.36,173.73,2000,3001.23,1827.2,2602.23
2025-03-16,1037.32,1041.59,281.4,525.68,40.41,2000,2691.32,1974.69,2504.68
2025-03-17,1143.1,1226.71,451.61,501.74,126.1,2000,1961.21,1817.94,2751.54
2025-03-18,1002.33,1250.87,377.03,401.57,265.23,2000,2546.31,2139.03,3076.28
2025-03-19,1348.52,1041.88,552.56,532.75,342.73,2000,3467.61,1924.87,3056.19
2025-03-20,917.64,1289.5,406.77,540.54,158.06,2000,2589.55,1739.04,2166.45
2025-03-21,1058.26,1151.69,450.77,450.31,275.65,2000,2991.72,2088.33,2792.1
2025-03-22,1006.66,1214.68,399.64,521.01,8.59,2000,3095.3,1713.25,2603.91
2025-03-23,1382.87,1361.22,637.84,457.18,265.95,2000,2730.32,1832.52,2687.7
2025-03-24,1131.55,1289.68,432.61,504.88,119.61,2000,2413.96,1578.62,2549.75
2025-03-25,1297.27,1173.15,648.79,436.78,230.73,2000,1937.73,1715.21,2679.03
2025-03-26,792.35,1110.88,547.76,410.34,175.22,2000,2875.35,2035.71,2687.7
2025-03-27,1141.34,984.82,515.38,480.86,332.04,2000,2427.41,1607.09,2505.23
2025-03-28,1264.22,1128.08,504.89,493.81,112.56,2000,2726.36,1703.77,2425.91
2025-03-29,1101.02,1178.89,508.26,480.12,262.76,2000,2300.2,1999.53,2537.76
2025-03-30,1295.83,1101.28,276.99,440.8,172.05,2000,2597.16,1891.28,2708.34
2025-03-31,977.36,1186.87,442.76,480.01,184.17,2000,2688.38,2398.41,2799.27
2025-04-01,1360.68,1207.69,556.07,513.46,181.61,2000,2760.33,2366.78,2862.52
2025-04-02,1536.49,1177.51,467.59,497.76,115.43,2000,2346.74,1826.42,2525.19
2025-04-03,1001.96,1135.0,332.89,509.13,198.59,2000,3041.65,2111.43,2719.17
2025-04-04,983.17,1216.87,469.12,466.49,193.74,2000,2504.84,2149.86,2888.21
2025-04-05,1360.6,1244.19,645.73,558.59,224.12,2000,2182.86,1880.5,2938.27
2025-04-06,1383.42,1090.96,600.98,441.19,208.45,2000,2653.72,1700.89,2631.35
2025-04-07,960.43,1341.09,471.08,524.38,279.8,2000,2697.92,1997.54,2589.93
2025-04-08,978.4,1190.14,573.42,559.09,292.35,2000,2736.92,1965.43,2691.95
2025-04-09,1003.44,1201.88,442.63,524.05,94.94,2000,3098.46,1912.85,2355.67
2025-04-10,788.21,1270.82,309.91,489.87,286.88,2000,2619.9,2088.46,2593.52
2025-04-11,870.6,1223.32,388.87,473.59,81.37,2000,2655.92,1849.85,2826.81
2025-04-12,850.67,1295.31,638.64,551.8,258.79,2000,2361.77,1769.6,2799.81
2025-04-13,895.05,1228.71,456.0,428.85,261.97,2000,2939.76,2021.82,2570.32
2025-04-14,1038.74,1138.76,460.11,451.49,8.87,2000,2749.69,2077.19,2690.8
2025-04-15,1089.53,1236.15,455.53,480.12,209.3,2000,2569.15,1764.67,2428.6
2025-04-16,1349.75,1085.63,676.99,561.88,153.15,2000,2124.46,2185.62,2808.95
2025-04-17,836.89,1210.86,650.25,518.99,124.12,2000,3129.83,1645.9,2611.85
2025-04-18,1230.31,1196.68,710.61,451.6,335.09,2000,2328.8,1884.38,2560.46
2025-04-19,987.49,1179.19,473.91,484.48,134.63,2000,2520.25,1948.4,2537.08
2025-04-20,1017.2,1187.15,520.47,469.28,119.36,2000,2805.62,1872.76,2609.77
2025-04-21,1158.83,1011.82,340.34,464.51,207.57,2000,2339.58,1886.99,2511.44
2025-04-22,796.07,1145.13,640.79,548.94,268.56,2000,2250.87,2374.21,2785.77
2025-04-23,1093.83,1209.28,377.42,431.41,185.84,2000,2062.06,1829.82,2520.17
2025-04-24,1047.34,1215.99,516.98,580.44,316.64,2000,2915.8,2488.24,3014.91
2025-04-25,1109.24,1097.23,386.68,541.41,253.1,2000,2536.15,2087.43,2980.58
2025-04-26,1065.26,1326.57,438.64,554.54,0.0,2000,3578.04,2018.41,2388.93
2025-04-27,1495.16,1113.38,414.91,476.85,147.05,2000,2401.65,2095.25,2626.7
2025-04-28,873.22,1296.95,438.96,492.5,143.82,2000,2423.56,2505.99,2444.01
2025-04-29,891.23,1242.72,446.94,428.34,247.94,2000,2530.37,1801.28,2522.34
2025-04-30,869.48,1135.38,447.14,473.77,0.0,2000,2772.85,1775.92,3101.88
2025-05-01,879.68,1377.53,586.41,524.68,454.9,2000,2558.73,1849.03,2521.58
2025-05-02,859.99,1080.64,393.7,564.8,253.1,2000,2883.3,2006.43,2685.67
2025-05-03,1221.97,1291.92,527.34,444.64,214.89,2000,2405.79,1654.85,2728.02
2025-05-04,1264.99,1300.06,628.19,481.72,318.16,2000,2284.6,2004.47,2339.56
2025-05-05,863.48,1132.94,456.17,492.44,434.37,2000,2159.26,2338.71,2372.91
2025-05-06,807.92,1339.25,436.8,430.21,287.07,2000,2031.25,2030.28,2282.09
2025-05-07,1065.46,1175.0,486.63,529.57,294.88,2000,2542.45,1941.46,2358.97
2025-05-08,857.56,1228.87,628.74,463.8,213.07,2000,2607.06,1876.37,1864.76
2025-05-09,1091.45,1226.03,531.26,490.23,185.85,2000,2507.36,2179.7,2710.18
2025-05-10,1002.35,1186.57,459.81,477.4,152.42,2000,3069.19,1834.83,3084.29
2025-05-11,655.56,1281.08,562.39,460.53,117.39,2000,3063.9,2369.28,2604.37
2025-05-12,1265.2,1279.35,404.83,499.65,131.3,2000,2594.32,2386.67,2209.98
2025-05-13,1311.91,1025.15,584.25,489.22,64.94,2000,2155.79,2051.35,2399.94
2025-05-14,827.26,1330.43,558.03,481.41,192.41,2000,2523.12,1997.7,2442.47
2025-05-15,869.43,1033.75,487.42,463.58,31.53,2000,2512.29,2206.13,2299.31
2025-05-16,1001.34,1303.25,435.38,515.98,219.09,2000,2494.15,2218.96,2765.23
2025-05-17,1008.33,1312.67,431.59,582.68,196.37,2000,2480.98,1838.8,2749.2
2025-05-18,1070.48,1090.9,574.75,506.99,214.69,2000,2493.2,1894.69,2254.19
2025-05-19,1338.21,1158.92,645.17,549.81,147.79,2000,2572.17,1735.53,2720.72
2025-05-20,898.25,1089.43,459.53,430.49,507.69,2000,2496.32,2081.81,2917.53
2025-05-21,771.52,1178.51,570.07,507.89,336.01,2000,2748.27,2133.33,3007.81
2025-05-22,652.94,1169.2,316.5,445.13,75.55,2000,2792.62,1730.01,3244.8
2025-05-23,780.31,1277.97,467.69,426.15,223.29,2000,2410.0,1908.96,2299.31
2025-05-24,917.66,1331.03,523.99,463.03,139.2,2000,3063.15,1730.55,3227.16
2025-05-25,1281.06,1339.57,437.05,559.59,98.55,2000,2386.4,1820.24,2428.83
2025-05-26,816.58,1143.78,435.28,547.5,65.99,2000,2193.62,2110.2,2365.54
2025-05-27,962.9,1179.08,463.06,512.15,243.22,2000,2791.68,1853.3,2591.68
2025-05-28,912.99,1031.66,559.94,423.36,131.86,2000,2430.66,1939.83,2360.66
2025-05-29,1152.17,1119.41,512.85,490.19,296.78,2000,2770.66,1674.54,2602.18
2025-05-30,1418.2,1296.49,308.62,515.09,299.38,2000,1951.51,2037.4,2168.65
2025-05-31,805.06,1361.56,321.21,508.78,337.39,2000,3088.64,1991.15,2435.24
2025-06-01,811.86,1076.57,473.41,407.81,114.76,2000,2870.84,1854.21,2812.57
2025-06-02,1117.19,1140.75,580.67,455.48,247.54,2000,2217.2,1962.2,2473.17
2025-06-03,1043.45,1197.36,260.94,496.8,263.25,2000,2221.87,2036.06,2519.1
2025-06-04,1275.24,1228.02,486.49,526.81,152.58,2000,3165.28,1837.03,2598.8
2025-06-05,1021.61,1119.04,484.59,390.19,122.82,2000,2440.45,1704.75,2768.94
2025-06-06,831.99,1242.41,676.78,491.89,360.95,2000,2409.42,2361.11,2058.77
2025-06-07,1021.12,1152.62,500.15,507.15,222.75,2000,1977.83,1873.35,2615.03
2025-06-08,1123.98,1198.55,577.65,542.48,263.6,2000,2550.34,1980.65,2398.21
2025-06-09,1065.68,1254.63,554.15,534.64,117.79,2000,2585.15,2202.17,2503.26
2025-06-10,1002.51,1200.64,327.63,529.13,78.07,2000,2865.95,2705.81,2722.98
2025-06-11,1113.96,1156.36,618.14,460.0,143.06,2000,2229.38,1751.1,2155.86
2025-06-12,1134.17,1189.04,563.47,404.6,187.6,2000,2190.77,2089.97,2197.69
2025-06-13,1176.53,1191.16,593.36,480.35,93.58,2000,2779.87,1858.49,1963.46
2025-06-14,1029.75,1163.0,935.73,550.08,199.02,2000,2944.27,1892.24,2306.54
2025-06-15,866.6,1174.12,335.24,569.67,31.15,2000,2168.54,1855.96,2772.97
2025-06-16,929.49,1359.86,716.66,535.53,88.0,2000,2961.94,1774.87,2406.8
2025-06-17,1141.69,1256.09,515.95,521.47,267.09,2000,2646.31,1991.74,2098.53
2025-06-18,737.35,1170.45,573.92,518.98,260.38,2000,2960.11,1705.1,2308.8
2025-06-19,974.93,1269.7,541.1,472.19,160.81,2000,2608.99,2189.36,2054.96
2025-06-20,823.1,1166.62,503.67,493.5,98.22,2000,1870.82,2011.0,2142.38
2025-06-21,908.19,1317.31,489.53,583.45,97.26,2000,2579.33,2084.49,2517.67
2025-06-22,1158.92,1236.96,579.86,452.87,162.67,2000,2940.34,1906.76,2123.85
2025-06-23,942.34,1189.27,395.56,580.74,264.45,2000,2351.52,1926.56,2692.37
2025-06-24,914.41,1244.77,622.69,483.9,292.82,2000,2500.57,2057.51,2393.38
2025-06-25,634.26,1042.91,506.34,566.27,150.35,2000,2561.4,1767.19,2429.57
2025-06-26,1056.69,1087.32,435.25,429.66,84.65,2000,1741.63,1928.4,2335.64
2025-06-27,1037.85,1080.61,503.53,529.3,226.78,2000,3110.11,1828.08,2595.57
2025-06-28,1342.82,1214.29,674.51,463.16,117.65,2000,2335.48,1821.89,2595.33
2025-06-29,850.13,1373.25,495.49,429.24,148.17,2000,2754.77,1578.03,2480.55
2025-06-30,957.12,1423.13,585.07,510.93,332.53,2000,2574.17,2267.87,2535.3
2025-07-01,964.88,1263.81,476.32,550.47,282.71,2000,2974.57,1862.69,2338.45
2025-07-02,1232.3,1250.08,625.36,457.75,215.8,2000,2716.17,2232.68,2524.47
2025-07-03,899.64,1019.89,618.25,425.05,72.81,2000,2520.92,2213.76,2301.97
2025-07-04,976.49,1145.73,734.67,495.41,221.14,2000,2320.37,1742.8,2384.58
2025-07-05,1044.34,1121.22,532.34,495.63,306.27,2000,2824.78,1782.32,2313.02
2025-07-06,962.24,1137.92,616.82,527.42,162.44,2000,2020.36,2512.1,2265.11
2025-07-07,837.88,1183.19,559.8,547.48,335.11,2000,2773.12,2350.19,2204.94
2025-07-08,968.31,1152.79,679.59,497.03,329.27,2000,2246.56,1993.7,2492.03
2025-07-09,1146.62,1002.07,478.1,592.78,366.37,2000,2948.87,2051.47,2700.72
2025-07-10,729.07,1274.79,624.45,511.21,230.52,2000,2618.46,1873.83,2663.88
2025-07-11,963.51,1092.73,530.41,482.68,258.74,2000,2760.18,2086.47,2055.09
2025-07-12,799.52,1223.92,543.38,419.42,341.42,2000,2588.39,1856.56,2689.74
2025-07-13,1181.24,1407.41,558.86,486.87,244.74,2000,2034.91,1593.53,2286.18
2025-07-14,640.34,1108.06,574.77,483.18,149.88,2000,2299.22,1735.69,2514.28
2025-07-15,836.01,946.97,537.76,548.02,155.15,2000,2755.95,2004.22,2135.99
2025-07-16,1026.11,1171.4,570.67,523.12,223.86,2000,2601.02,1773.79,2396.59
2025-07-17,1266.7,1310.1,706.8,441.03,70.94,2000,2902.09,1986.54,2438.15
2025-07-18,943.42,1395.83,647.29,508.61,185.67,2000,2665.53,1785.07,1987.28
2025-07-19,848.56,1077.05,635.41,533.58,309.65,2000,2251.28,1843.53,2509.31
2025-07-20,1338.9,1249.67,502.65,576.4,0.0,2000,2299.21,2170.63,2692.62
2025-07-21,676.18,1153.47,458.98,544.38,353.45,2000,2565.62,2049.5,2311.45
2025-07-22,529.17,1189.41,643.1,538.04,312.24,2000,1837.25,1998.07,2694.23
2025-07-23,1060.12,1464.43,634.82,503.0,154.02,2000,3030.2,2175.79,2305.93
2025-07-24,874.92,1049.7,694.11,519.42,254.34,2000,2657.39,2096.12,2565.01
2025-07-25,774.33,1225.37,486.04,562.48,200.31,2000,2889.66,2289.31,1797.32
2025-07-26,1123.51,1246.77,523.06,433.36,323.0,2000,2044.05,1908.03,2956.1
2025-07-27,1033.89,1308.58,381.62,482.53,298.27,2000,2888.28,1914.07,2724.8
2025-07-28,875.62,1209.8,505.86,461.37,59.99,2000,3181.04,1739.78,2279.41
2025-07-29,735.69,1230.81,644.27,518.96,258.73,2000,2111.99,1914.2,1857.27
2025-07-30,1169.57,1160.84,497.45,561.51,179.44,2000,2736.35,2192.95,2422.11
2025-07-31,1128.45,1226.91,607.61,470.15,208.28,2000,2501.93,2260.0,1989.03
2025-08-01,981.91,1165.68,523.96,380.48,127.18,2000,2034.93,2192.06,2461.23
2025-08-02,1374.4,1262.16,574.84,479.39,374.81,2000,2642.79,1641.16,2453.0
2025-08-03,794.38,1163.04,427.06,545.67,304.01,2000,2741.68,2216.63,2114.95
2025-08-04,706.61,1237.71,549.73,526.88,126.02,2000,2307.93,1632.3,2630.82
2025-08-05,876.64,1197.07,241.46,521.41,66.54,2000,2834.72,2179.62,2552.35
2025-08-06,1009.19,1312.61,521.23,486.0,161.43,2000,1981.59,1926.44,2595.38
2025-08-07,1070.24,1194.86,376.19,436.05,243.45,2000,2029.88,2140.51,2354.2
2025-08-08,976.56,1022.7,659.14,525.76,224.02,2000,2515.97,1733.51,1998.76
2025-08-09,1098.44,1326.19,615.56,458.29,325.31,2000,2479.3,2234.23,2597.86
2025-08-10,780.9,1109.43,583.75,609.2,278.99,2000,2253.42,1707.01,2286.64
2025-08-11,1323.11,1134.62,688.43,528.53,296.96,2000,2707.98,1866.31,2007.71
2025-08-12,1021.04,1140.43,440.67,470.97,232.69,2000,2621.1,1800.38,2694.19
2025-08-13,1264.0,1337.44,709.5,469.43,61.07,2000,2716.0,1649.14,2882.14
2025-08-14,1112.11,986.43,627.18,495.35,180.43,2000,2418.37,2018.91,2348.18
2025-08-15,1137.89,1513.77,509.48,488.02,306.01,2000,2632.84,2361.22,2899.56
2025-08-16,1163.42,1305.61,645.86,555.84,194.85,2000,2315.14,2533.38,2383.98
2025-08-17,1141.87,1222.32,420.81,509.32,250.31,2000,3061.76,2019.43,2267.5
2025-08-18,1183.69,1194.51,448.12,463.42,168.13,2000,2198.66,2223.34,2206.55
2025-08-19,1323.72,1228.56,468.82,594.52,97.02,2000,3070.82,2046.42,2775.07
2025-08-20,1099.88,1252.11,475.88,502.47,187.67,2000,2446.53,2099.78,2172.48
2025-08-21,1205.0,1264.52,422.21,538.44,230.9,2000,2020.27,1931.57,2553.13
2025-08-22,1047.8,1255.56,649.24,469.59,134.43,2000,2840.21,2039.02,2231.4
2025-08-23,1356.24,1208.96,500.11,518.16,176.43,2000,2464.45,2107.5,2258.08
2025-08-24,935.34,1180.27,560.29,515.56,106.05,2000,2678.92,1884.31,2632.76
2025-08-25,1433.13,1184.87,467.04,405.52,311.92,2000,2787.67,1984.5,2282.31
2025-08-26,1067.15,1180.51,341.03,600.76,170.55,2000,2518.86,1988.31,2278.31
2025-08-27,791.18,1313.38,549.11,564.53,345.28,2000,2236.77,2165.28,2664.98
2025-08-28,1105.02,1259.36,329.87,480.14,352.87,2000,2704.16,1786.79,2783.48
2025-08-29,945.17,905.96,513.22,444.89,191.9,2000,2408.69,1989.69,2547.72
2025-08-30,1251.4,1265.59,382.23,517.38,99.16,2000,2611.27,2382.4,2225.34
2025-08-31,954.55,1219.47,716.76,504.33,0.0,2000,1756.47,2232.81,2263.94
2025-09-01,997.54,1198.13,608.13,517.78,52.8,2000,2533.79,2269.84,2414.19
2025-09-02,710.48,1161.15,526.52,509.58,62.62,2000,2205.25,2004.89,2477.14
2025-09-03,999.44,1312.41,641.25,525.31,337.85,2000,2889.98,2064.2,2152.7
2025-09-04,606.53,1294.75,429.19,572.37,211.58,2000,2578.1,2200.45,2583.24
2025-09-05,775.83,1122.71,567.1,528.41,238.96,2000,2460.35,2312.05,2426.74
2025-09-06,1245.9,1240.71,531.65,447.52,0.0,2000,2531.53,1609.68,1979.37
2025-09-07,1252.08,1102.83,536.99,568.13,80.2,2000,2083.39,1736.91,2179.06
2025-09-08,1181.01,1062.04,636.73,582.03,288.71,2000,2867.21,2261.89,2288.32
2025-09-09,903.41,1137.33,581.66,657.6,228.68,2000,2974.99,1944.62,2399.24
2025-09-10,1088.05,1286.24,536.18,443.83,185.28,2000,2492.84,1865.66,2892.93
2025-09-11,1097.54,1295.31,340.72,512.14,256.48,2000,2849.5,1749.17,2483.36
2025-09-12,867.15,1251.31,409.1,395.9,363.58,2000,2199.09,1889.0,2216.88
2025-09-13,1399.96,1272.51,491.73,527.66,177.9,2000,2128.18,1719.53,2485.53
2025-09-14,1275.1,1251.62,512.23,472.59,206.94,2000,2377.12,2418.22,2345.69
2025-09-15,1055.66,1135.85,388.76,596.17,219.26,2000,2492.89,1995.51,2518.29
2025-09-16,1105.36,1243.19,741.84,461.27,439.21,2000,2241.81,1988.41,2585.66
2025-09-17,1141.67,1280.04,651.2,415.54,0.0,2000,2518.97,2117.62,2746.29
2025-09-18,691.54,1275.43,558.66,476.44,268.32,2000,2447.24,2192.47,2441.4
2025-09-19,1050.25,1318.89,504.54,401.23,188.52,2000,2053.55,2189.18,2860.74
2025-09-20,962.96,1270.83,475.01,537.55,256.68,2000,2506.44,2214.72,2681.57
2025-09-21,898.6,1235.14,399.93,396.75,134.26,2000,2607.66,1873.83,2281.29
2025-09-22,1042.17,1307.02,501.76,501.42,195.1,2000,2397.88,1940.43,3014.23
2025-09-23,1457.27,1197.35,518.69,396.11,271.14,2000,2690.12,2153.81,2547.15
2025-09-24,1225.14,1111.81,367.64,483.99,511.29,2000,1977.04,1894.52,2260.28
2025-09-25,981.87,1183.69,524.14,582.17,280.8,2000,2480.62,1998.98,2885.97
2025-09-26,1209.65,1125.51,474.11,518.03,115.19,2000,1987.16,2079.75,2995.88
